intent,utterance,data
PlayMusic,Play a 2009 concerto on Deezer.,"[{'text': 'Play a '}, {'text': '2009', 'entity': 'year'}, {'text': ' '}, {'text': 'concerto', 'entity': 'music_item'}, {'text': ' on '}, {'text': 'Deezer', 'entity': 'service'}, {'text': '.'}]"
PlayMusic,Can you play a sonata,"[{'text': 'Can you play a '}, {'text': 'sonata', 'entity': 'genre'}]"
PlayMusic,Play music from Lastfm.,"[{'text': 'Play music from '}, {'text': 'Lastfm', 'entity': 'service'}, {'text': '.'}]"
PlayMusic,Play music from the track My Friend on Google Music by Steve Sholes,"[{'text': 'Play music from the '}, {'text': 'track', 'entity': 'music_item'}, {'text': ' '}, {'text': 'My Friend', 'entity': 'track'}, {'text': ' on '}, {'text': 'Google Music', 'entity': 'service'}, {'text': ' by '}, {'text': 'Steve Sholes', 'entity': 'artist'}]"
PlayMusic,Play the latest Joan Baez.,"[{'text': 'Play the '}, {'text': 'latest', 'entity': 'sort'}, {'text': ' '}, {'text': 'Joan Baez', 'entity': 'artist'}, {'text': '.'}]"
PlayMusic,I want to hear a Joel Hastings melody. ,"[{'text': 'I want to hear a '}, {'text': 'Joel Hastings', 'entity': 'artist'}, {'text': ' '}, {'text': 'melody', 'entity': 'music_item'}, {'text': '. '}]"
PlayMusic,Play me some Badass Women on Groove Shark,"[{'text': 'Play me some '}, {'text': 'Badass Women', 'entity': 'playlist'}, {'text': ' on '}, {'text': 'Groove Shark', 'entity': 'service'}]"
PlayMusic,Play a song off the Nicht Sprechen album,"[{'text': 'Play a '}, {'text': 'song', 'entity': 'music_item'}, {'text': ' off the '}, {'text': 'Nicht Sprechen', 'entity': 'album'}, {'text': ' '}, {'text': 'album', 'entity': 'music_item'}]"
PlayMusic,On Itunes play the latest Anna Yesipova ep,"[{'text': 'On '}, {'text': 'Itunes', 'entity': 'service'}, {'text': ' play the '}, {'text': 'latest', 'entity': 'sort'}, {'text': ' '}, {'text': 'Anna Yesipova', 'entity': 'artist'}, {'text': ' '}, {'text': 'ep', 'entity': 'music_item'}]"
PlayMusic,Play Shoo on iheart from greatest record,"[{'text': 'Play '}, {'text': 'Shoo', 'entity': 'artist'}, {'text': ' on '}, {'text': 'iheart', 'entity': 'service'}, {'text': ' from '}, {'text': 'greatest', 'entity': 'sort'}, {'text': ' '}, {'text': 'record', 'entity': 'music_item'}]"
PlayMusic,Open Deezer and play Inyeccion Musical,"[{'text': 'Open '}, {'text': 'Deezer', 'entity': 'service'}, {'text': ' and play '}, {'text': 'Inyeccion Musical', 'entity': 'playlist'}]"
PlayMusic,Use Google Music to play a song,"[{'text': 'Use '}, {'text': 'Google Music', 'entity': 'service'}, {'text': ' to play a '}, {'text': 'song', 'entity': 'music_item'}]"
PlayMusic,Play all music Alan released in 1997,"[{'text': 'Play all music '}, {'text': 'Alan', 'entity': 'artist'}, {'text': ' released in '}, {'text': '1997', 'entity': 'year'}]"
PlayMusic,Play music on youtube,"[{'text': 'Play music on '}, {'text': 'youtube', 'entity': 'service'}]"
PlayMusic,Open Groove Shark and play sound track from Dj Cameo,"[{'text': 'Open '}, {'text': 'Groove Shark', 'entity': 'service'}, {'text': ' and play '}, {'text': 'sound track', 'entity': 'music_item'}, {'text': ' from '}, {'text': 'Dj Cameo', 'entity': 'artist'}]"
PlayMusic,Play the top 20 ep from the fifties by John Bundrick.,"[{'text': 'Play the '}, {'text': 'top 20', 'entity': 'sort'}, {'text': ' '}, {'text': 'ep', 'entity': 'music_item'}, {'text': ' from the '}, {'text': 'fifties', 'entity': 'year'}, {'text': ' by '}, {'text': 'John Bundrick', 'entity': 'artist'}, {'text': '.'}]"
PlayMusic,Open Lastfm and play a voluntad del cielo from Wax,"[{'text': 'Open '}, {'text': 'Lastfm', 'entity': 'service'}, {'text': ' and play '}, {'text': 'a voluntad del cielo', 'entity': 'album'}, {'text': ' from '}, {'text': 'Wax', 'entity': 'artist'}]"
PlayMusic,play some fifties tunes by Mike Mccready,"[{'text': 'play some '}, {'text': 'fifties', 'entity': 'year'}, {'text': ' tunes by '}, {'text': 'Mike Mccready', 'entity': 'artist'}]"
PlayMusic,play ambient music,"[{'text': 'play '}, {'text': 'ambient', 'entity': 'genre'}, {'text': ' music'}]"
PlayMusic,play Asia Nitollano using itunes,"[{'text': 'play '}, {'text': 'Asia Nitollano', 'entity': 'artist'}, {'text': ' using '}, {'text': 'itunes', 'entity': 'service'}]"
PlayMusic,I want to hear Choice on Last Fm from the twenties.,"[{'text': 'I want to hear '}, {'text': 'Choice', 'entity': 'artist'}, {'text': ' on '}, {'text': 'Last Fm', 'entity': 'service'}, {'text': ' from the '}, {'text': 'twenties', 'entity': 'year'}, {'text': '.'}]"
PlayMusic,Play music from 1969 on lastfm .,"[{'text': 'Play music from '}, {'text': '1969', 'entity': 'year'}, {'text': ' on '}, {'text': 'lastfm', 'entity': 'service'}, {'text': ' .'}]"
PlayMusic,Play any chanson,"[{'text': 'Play any '}, {'text': 'chanson', 'entity': 'genre'}]"
PlayMusic,Play Adrian Borland's music on Zvooq.,"[{'text': 'Play '}, {'text': 'Adrian Borland', 'entity': 'artist'}, {'text': ""'s music on ""}, {'text': 'Zvooq', 'entity': 'service'}, {'text': '.'}]"
PlayMusic,Play fifties music,"[{'text': 'Play '}, {'text': 'fifties', 'entity': 'year'}, {'text': ' music'}]"
PlayMusic,Play the most popular Johnny Clarke on Deezer.,"[{'text': 'Play the '}, {'text': 'most popular', 'entity': 'sort'}, {'text': ' '}, {'text': 'Johnny Clarke', 'entity': 'artist'}, {'text': ' on '}, {'text': 'Deezer', 'entity': 'service'}, {'text': '.'}]"
PlayMusic,play The Happiest Days Of Our Lives by Tommy Emmanuel,"[{'text': 'play '}, {'text': 'The Happiest Days Of Our Lives', 'entity': 'track'}, {'text': ' by '}, {'text': 'Tommy Emmanuel', 'entity': 'artist'}]"
PlayMusic,Play music in the genre soundtrack,"[{'text': 'Play music in the genre '}, {'text': 'soundtrack', 'entity': 'genre'}]"
PlayMusic,I'd like to listen to Tom Cochrane's 1990 ep on Zvooq.,"[{'text': ""I'd like to listen to ""}, {'text': 'Tom Cochrane', 'entity': 'artist'}, {'text': ""'s ""}, {'text': '1990', 'entity': 'year'}, {'text': ' '}, {'text': 'ep', 'entity': 'music_item'}, {'text': ' on '}, {'text': 'Zvooq', 'entity': 'service'}, {'text': '.'}]"
PlayMusic,play Pandora Christian Gangsta Rap,"[{'text': 'play '}, {'text': 'Pandora', 'entity': 'service'}, {'text': ' '}, {'text': 'Christian Gangsta Rap', 'entity': 'genre'}]"
PlayMusic,Play the top 10 by Sankha Chatterjee.,"[{'text': 'Play the '}, {'text': 'top 10', 'entity': 'sort'}, {'text': ' by '}, {'text': 'Sankha Chatterjee', 'entity': 'artist'}, {'text': '.'}]"
PlayMusic,Play a twenties concerto from Roger Taylor on deezer,"[{'text': 'Play a '}, {'text': 'twenties', 'entity': 'year'}, {'text': ' '}, {'text': 'concerto', 'entity': 'music_item'}, {'text': ' from '}, {'text': 'Roger Taylor', 'entity': 'artist'}, {'text': ' on '}, {'text': 'deezer', 'entity': 'service'}]"
PlayMusic,Play music on Netflix.,"[{'text': 'Play music on '}, {'text': 'Netflix', 'entity': 'service'}, {'text': '.'}]"
PlayMusic,play Are & Be,"[{'text': 'play '}, {'text': 'Are & Be', 'entity': 'playlist'}]"
PlayMusic,play paul riley on Youtube,"[{'text': 'play '}, {'text': 'paul riley', 'entity': 'artist'}, {'text': ' on '}, {'text': 'Youtube', 'entity': 'service'}]"
PlayMusic,Play Tujiko Noriko's Ten Years And Running.,"[{'text': 'Play '}, {'text': 'Tujiko Noriko', 'entity': 'artist'}, {'text': ""'s ""}, {'text': 'Ten Years And Running', 'entity': 'album'}, {'text': '.'}]"
PlayMusic,Can I hear tod ashley music from 1953?,"[{'text': 'Can I hear '}, {'text': 'tod ashley', 'entity': 'artist'}, {'text': ' music from '}, {'text': '1953', 'entity': 'year'}, {'text': '?'}]"
PlayMusic,play wendy james from the fifties,"[{'text': 'play '}, {'text': 'wendy james', 'entity': 'artist'}, {'text': ' from the '}, {'text': 'fifties', 'entity': 'year'}]"
PlayMusic,play a movement from top-20 1983 by Baruch Chait,"[{'text': 'play a '}, {'text': 'movement', 'entity': 'music_item'}, {'text': ' from '}, {'text': 'top-20', 'entity': 'sort'}, {'text': ' '}, {'text': '1983', 'entity': 'year'}, {'text': ' by '}, {'text': 'Baruch Chait', 'entity': 'artist'}]"
PlayMusic,Play While The Gate Is Open.,"[{'text': 'Play '}, {'text': 'While The Gate Is Open', 'entity': 'album'}, {'text': '.'}]"
PlayMusic,play Deezer form 2010 tune by Dave Grohl,"[{'text': 'play '}, {'text': 'Deezer', 'entity': 'service'}, {'text': ' form '}, {'text': '2010', 'entity': 'year'}, {'text': ' '}, {'text': 'tune', 'entity': 'music_item'}, {'text': ' by '}, {'text': 'Dave Grohl', 'entity': 'artist'}]"
PlayMusic,play Vanlose Stairway by Janove Ottesen,"[{'text': 'play '}, {'text': 'Vanlose Stairway', 'entity': 'track'}, {'text': ' by '}, {'text': 'Janove Ottesen', 'entity': 'artist'}]"
PlayMusic,Play some music from 1995,"[{'text': 'Play some music from '}, {'text': '1995', 'entity': 'year'}]"
PlayMusic,Play some Mark Tremonti from the thirties.,"[{'text': 'Play some '}, {'text': 'Mark Tremonti', 'entity': 'artist'}, {'text': ' from the '}, {'text': 'thirties', 'entity': 'year'}, {'text': '.'}]"
PlayMusic,Play Geddy Lee music on Spotify sort by top,"[{'text': 'Play '}, {'text': 'Geddy Lee', 'entity': 'artist'}, {'text': ' music on '}, {'text': 'Spotify', 'entity': 'service'}, {'text': ' sort by '}, {'text': 'top', 'entity': 'sort'}]"
PlayMusic,play something from the twenties,"[{'text': 'play something from the '}, {'text': 'twenties', 'entity': 'year'}]"
PlayMusic,Play 1966 theme music on Slacker.,"[{'text': 'Play '}, {'text': '1966', 'entity': 'year'}, {'text': ' '}, {'text': 'theme', 'entity': 'music_item'}, {'text': ' music on '}, {'text': 'Slacker', 'entity': 'service'}, {'text': '.'}]"
PlayMusic,play Itunes album mondovisione,"[{'text': 'play '}, {'text': 'Itunes', 'entity': 'service'}, {'text': ' '}, {'text': 'album', 'entity': 'music_item'}, {'text': ' '}, {'text': 'mondovisione', 'entity': 'album'}]"
PlayMusic,Play Greg Raposo songs from the thirties,"[{'text': 'Play '}, {'text': 'Greg Raposo', 'entity': 'artist'}, {'text': ' songs from the '}, {'text': 'thirties', 'entity': 'year'}]"
PlayMusic,Open Deezer and play top 40 hits,"[{'text': 'Open '}, {'text': 'Deezer', 'entity': 'service'}, {'text': ' and play '}, {'text': 'top', 'entity': 'sort'}, {'text': ' 40 hits'}]"
BookRestaurant,Book a reservation for 6 at a restaurant in Deersville,"[{'text': 'Book a reservation for '}, {'text': '6', 'entity': 'party_size_number'}, {'text': ' at a '}, {'text': 'restaurant', 'entity': 'restaurant_type'}, {'text': ' in '}, {'text': 'Deersville', 'entity': 'city'}]"
BookRestaurant,Book a table at a french restaurant for fern and I,"[{'text': 'Book a table at a '}, {'text': 'french', 'entity': 'cuisine'}, {'text': ' '}, {'text': 'restaurant', 'entity': 'restaurant_type'}, {'text': ' for '}, {'text': 'fern and I', 'entity': 'party_size_description'}]"
BookRestaurant,Book a reservation for nine at an outdoor restaurant,"[{'text': 'Book a reservation for '}, {'text': 'nine', 'entity': 'party_size_number'}, {'text': ' at an '}, {'text': 'outdoor', 'entity': 'facility'}, {'text': ' '}, {'text': 'restaurant', 'entity': 'restaurant_type'}]"
BookRestaurant,I'd like to book a restaurant that serves pochouse in Rocksprings.,"[{'text': ""I'd like to book a ""}, {'text': 'restaurant', 'entity': 'restaurant_type'}, {'text': ' that serves '}, {'text': 'pochouse', 'entity': 'served_dish'}, {'text': ' in '}, {'text': 'Rocksprings', 'entity': 'city'}, {'text': '.'}]"
BookRestaurant,book a table at a churrascaria for august 5 that has parking,"[{'text': 'book a table at a '}, {'text': 'churrascaria', 'entity': 'restaurant_type'}, {'text': ' for '}, {'text': 'august 5', 'entity': 'timeRange'}, {'text': ' that has '}, {'text': 'parking', 'entity': 'facility'}]"
BookRestaurant,Asiate restaurant in Sturgeon for 7,"[{'text': 'Asiate', 'entity': 'restaurant_name'}, {'text': ' '}, {'text': 'restaurant', 'entity': 'restaurant_type'}, {'text': ' in '}, {'text': 'Sturgeon', 'entity': 'city'}, {'text': ' for '}, {'text': '7', 'entity': 'party_size_number'}]"
BookRestaurant,"I want to book the distant downtown Tribeca Grill for august the twenty-third, 2025 for wilda and jacklyn","[{'text': 'I want to book the '}, {'text': 'distant', 'entity': 'spatial_relation'}, {'text': ' '}, {'text': 'downtown', 'entity': 'poi'}, {'text': ' '}, {'text': 'Tribeca Grill', 'entity': 'restaurant_name'}, {'text': ' for '}, {'text': 'august the twenty-third, 2025', 'entity': 'timeRange'}, {'text': ' for '}, {'text': 'wilda and jacklyn', 'entity': 'party_size_description'}]"
BookRestaurant,casey and I will be in Kentucky for food ,"[{'text': 'casey and I', 'entity': 'party_size_description'}, {'text': ' will be in '}, {'text': 'Kentucky', 'entity': 'state'}, {'text': ' for food '}]"
BookRestaurant,Book a taverna in Wisconsin for 22:54.,"[{'text': 'Book a '}, {'text': 'taverna', 'entity': 'restaurant_type'}, {'text': ' in '}, {'text': 'Wisconsin', 'entity': 'state'}, {'text': ' for '}, {'text': '22:54', 'entity': 'timeRange'}, {'text': '.'}]"
BookRestaurant,Please make reservations for a bar close-by in Lake Alfred.,"[{'text': 'Please make reservations for a '}, {'text': 'bar', 'entity': 'restaurant_type'}, {'text': ' '}, {'text': 'close-by', 'entity': 'spatial_relation'}, {'text': ' in '}, {'text': 'Lake Alfred', 'entity': 'city'}, {'text': '.'}]"
BookRestaurant,Book a table for six around yolanda's apartment.,"[{'text': 'Book a table for '}, {'text': 'six', 'entity': 'party_size_number'}, {'text': ' '}, {'text': 'around', 'entity': 'spatial_relation'}, {'text': ' '}, {'text': ""yolanda's apartment"", 'entity': 'poi'}, {'text': '.'}]"
BookRestaurant,Book a joint restaurant for four with an outdoor area within the same area as Borough de Denali,"[{'text': 'Book a '}, {'text': 'joint restaurant', 'entity': 'restaurant_type'}, {'text': ' for '}, {'text': 'four', 'entity': 'party_size_number'}, {'text': ' with an '}, {'text': 'outdoor', 'entity': 'facility'}, {'text': ' '}, {'text': 'area within the same area', 'entity': 'spatial_relation'}, {'text': ' as '}, {'text': 'Borough de Denali', 'entity': 'poi'}]"
BookRestaurant,stacy watson and adriana want to go to the best osteria in Hallowell Minnesota this afternoon,"[{'text': 'stacy watson and adriana', 'entity': 'party_size_description'}, {'text': ' want to go to the '}, {'text': 'best', 'entity': 'sort'}, {'text': ' '}, {'text': 'osteria', 'entity': 'restaurant_type'}, {'text': ' in '}, {'text': 'Hallowell', 'entity': 'city'}, {'text': ' '}, {'text': 'Minnesota', 'entity': 'state'}, {'text': ' this '}, {'text': 'afternoon', 'entity': 'timeRange'}]"
BookRestaurant,"Book reservations at a restaurant in New Zealand with tammi, beverly and alba","[{'text': 'Book reservations at a '}, {'text': 'restaurant', 'entity': 'restaurant_type'}, {'text': ' in '}, {'text': 'New Zealand', 'entity': 'country'}, {'text': ' with '}, {'text': 'tammi, beverly and alba', 'entity': 'party_size_description'}]"
BookRestaurant,book a pizza serving tavern for me and my brother,"[{'text': 'book a '}, {'text': 'pizza', 'entity': 'served_dish'}, {'text': ' serving '}, {'text': 'tavern', 'entity': 'restaurant_type'}, {'text': ' for '}, {'text': 'me and my brother', 'entity': 'party_size_description'}]"
BookRestaurant,Lets get a table for 10 at Space Aliens Grill & Bar,"[{'text': 'Lets get a table for '}, {'text': '10', 'entity': 'party_size_number'}, {'text': ' at '}, {'text': 'Space Aliens Grill & Bar', 'entity': 'restaurant_name'}]"
BookRestaurant,I want to make a reservation for a group of 4 at a churrascaria type spa,"[{'text': 'I want to make a reservation for a group of '}, {'text': '4', 'entity': 'party_size_number'}, {'text': ' at a '}, {'text': 'churrascaria', 'entity': 'restaurant_type'}, {'text': ' type '}, {'text': 'spa', 'entity': 'facility'}]"
BookRestaurant,I need a table for 3 in AK.,"[{'text': 'I need a table for '}, {'text': '3', 'entity': 'party_size_number'}, {'text': ' in '}, {'text': 'AK', 'entity': 'state'}, {'text': '.'}]"
BookRestaurant,book a bar close by with a smoking room in MA,"[{'text': 'book a '}, {'text': 'bar', 'entity': 'restaurant_type'}, {'text': ' '}, {'text': 'close by', 'entity': 'spatial_relation'}, {'text': ' with a '}, {'text': 'smoking room', 'entity': 'facility'}, {'text': ' in '}, {'text': 'MA', 'entity': 'state'}]"
BookRestaurant,me and imelda want a reservation in Missouri at seven am,"[{'text': 'me and imelda', 'entity': 'party_size_description'}, {'text': ' want a reservation in '}, {'text': 'Missouri', 'entity': 'state'}, {'text': ' at '}, {'text': 'seven am', 'entity': 'timeRange'}]"
BookRestaurant,I want a table for five at a place in Russia on 4/4/2036,"[{'text': 'I want a table for '}, {'text': 'five', 'entity': 'party_size_number'}, {'text': ' at a place in '}, {'text': 'Russia', 'entity': 'country'}, {'text': ' on '}, {'text': '4/4/2036', 'entity': 'timeRange'}]"
BookRestaurant,Table for one somewhere in Palco,"[{'text': 'Table for '}, {'text': 'one', 'entity': 'party_size_number'}, {'text': ' somewhere in '}, {'text': 'Palco', 'entity': 'city'}]"
BookRestaurant,Book a reservation for a restaurant in Palau in six years ,"[{'text': 'Book a reservation for a '}, {'text': 'restaurant', 'entity': 'restaurant_type'}, {'text': ' in '}, {'text': 'Palau', 'entity': 'state'}, {'text': ' '}, {'text': 'in six years', 'entity': 'timeRange'}, {'text': ' '}]"
BookRestaurant,Book a table at a brasserie type restaurant that serves jain for a party of 8,"[{'text': 'Book a table at a '}, {'text': 'brasserie', 'entity': 'restaurant_type'}, {'text': ' type '}, {'text': 'restaurant', 'entity': 'restaurant_type'}, {'text': ' that serves '}, {'text': 'jain', 'entity': 'cuisine'}, {'text': ' for a party of '}, {'text': '8', 'entity': 'party_size_number'}]"
BookRestaurant,I want to book a doughnut bar in AMerican Samoa,"[{'text': 'I want to book a '}, {'text': 'doughnut', 'entity': 'served_dish'}, {'text': ' '}, {'text': 'bar', 'entity': 'restaurant_type'}, {'text': ' in '}, {'text': 'AMerican Samoa', 'entity': 'state'}]"
BookRestaurant,book a restaurant this year in Manning,"[{'text': 'book a '}, {'text': 'restaurant', 'entity': 'restaurant_type'}, {'text': ' '}, {'text': 'this year', 'entity': 'timeRange'}, {'text': ' in '}, {'text': 'Manning', 'entity': 'city'}]"
BookRestaurant,I want to find a salami restaurant in Bastian IN,"[{'text': 'I want to find a '}, {'text': 'salami', 'entity': 'served_dish'}, {'text': ' '}, {'text': 'restaurant', 'entity': 'restaurant_type'}, {'text': ' in '}, {'text': 'Bastian', 'entity': 'city'}, {'text': ' '}, {'text': 'IN', 'entity': 'state'}]"
BookRestaurant,book a restaurant in Montverde in Marshall Islands,"[{'text': 'book a '}, {'text': 'restaurant', 'entity': 'restaurant_type'}, {'text': ' in '}, {'text': 'Montverde', 'entity': 'city'}, {'text': ' in '}, {'text': 'Marshall Islands', 'entity': 'state'}]"
BookRestaurant,I'm looking to book a seat at a bakery that serves coleslaw at 19:44:58.,"[{'text': ""I'm looking to book a seat at a ""}, {'text': 'bakery', 'entity': 'restaurant_type'}, {'text': ' that serves '}, {'text': 'coleslaw', 'entity': 'served_dish'}, {'text': ' at '}, {'text': '19:44:58', 'entity': 'timeRange'}, {'text': '.'}]"
BookRestaurant,Book a table for nine at Canteen Lunch in the Alley at Midnight,"[{'text': 'Book a table for '}, {'text': 'nine', 'entity': 'party_size_number'}, {'text': ' at '}, {'text': 'Canteen Lunch in the Alley', 'entity': 'restaurant_name'}, {'text': ' at '}, {'text': 'Midnight', 'entity': 'timeRange'}]"
BookRestaurant,Book a reservation for Louisiana Fried Chicken this winter in Taiwan,"[{'text': 'Book a reservation for '}, {'text': 'Louisiana Fried Chicken', 'entity': 'restaurant_name'}, {'text': ' '}, {'text': 'this winter', 'entity': 'timeRange'}, {'text': ' in '}, {'text': 'Taiwan', 'entity': 'country'}]"
BookRestaurant,Please book a brasserie restaurant for eight in Ireland,"[{'text': 'Please book a '}, {'text': 'brasserie restaurant', 'entity': 'restaurant_type'}, {'text': ' for '}, {'text': 'eight', 'entity': 'party_size_number'}, {'text': ' in '}, {'text': 'Ireland', 'entity': 'country'}]"
BookRestaurant,book north indian osteria at 12 am,"[{'text': 'book '}, {'text': 'north indian', 'entity': 'cuisine'}, {'text': ' '}, {'text': 'osteria', 'entity': 'restaurant_type'}, {'text': ' at '}, {'text': '12 am', 'entity': 'timeRange'}]"
BookRestaurant,Book a reservation for seven people at a bar in Kentucky,"[{'text': 'Book a reservation for '}, {'text': 'seven', 'entity': 'party_size_number'}, {'text': ' people at a '}, {'text': 'bar', 'entity': 'restaurant_type'}, {'text': ' in '}, {'text': 'Kentucky', 'entity': 'state'}]"
BookRestaurant,I'd like to go to a halal restaurant in twenty minutes around the District Of Columbia and book seats for four,"[{'text': ""I'd like to go to a ""}, {'text': 'halal', 'entity': 'cuisine'}, {'text': ' '}, {'text': 'restaurant', 'entity': 'restaurant_type'}, {'text': ' '}, {'text': 'in twenty minutes', 'entity': 'timeRange'}, {'text': ' '}, {'text': 'around', 'entity': 'spatial_relation'}, {'text': ' the '}, {'text': 'District Of Columbia', 'entity': 'state'}, {'text': ' and book seats for '}, {'text': 'four', 'entity': 'party_size_number'}]"
BookRestaurant,book a spot for 6 at a tea house in Tokelau,"[{'text': 'book a spot for '}, {'text': '6', 'entity': 'party_size_number'}, {'text': ' at a '}, {'text': 'tea house', 'entity': 'restaurant_type'}, {'text': ' in '}, {'text': 'Tokelau', 'entity': 'country'}]"
BookRestaurant,I'd like reservations for me and my grandkid at a top-rated restaurant that serves molise cuisine in PA.,"[{'text': ""I'd like reservations for ""}, {'text': 'me and my grandkid', 'entity': 'party_size_description'}, {'text': ' at a '}, {'text': 'top-rated', 'entity': 'sort'}, {'text': ' '}, {'text': 'restaurant', 'entity': 'restaurant_type'}, {'text': ' that serves '}, {'text': 'molise', 'entity': 'cuisine'}, {'text': ' cuisine in '}, {'text': 'PA', 'entity': 'state'}, {'text': '.'}]"
BookRestaurant,"I need a place that serves smelt for a party of 4, preferably a taverna","[{'text': 'I need a place that serves '}, {'text': 'smelt', 'entity': 'served_dish'}, {'text': ' for a party of '}, {'text': '4', 'entity': 'party_size_number'}, {'text': ', preferably a '}, {'text': 'taverna', 'entity': 'restaurant_type'}]"
BookRestaurant,Book a table at Laurie Beechman Theatre for a party of 4 in Utah,"[{'text': 'Book a table at '}, {'text': 'Laurie Beechman Theatre', 'entity': 'restaurant_name'}, {'text': ' for a party of '}, {'text': '4', 'entity': 'party_size_number'}, {'text': ' in '}, {'text': 'Utah', 'entity': 'state'}]"
BookRestaurant,book a spot at a highly rated pub in Woodston,"[{'text': 'book a spot at a '}, {'text': 'highly rated', 'entity': 'sort'}, {'text': ' '}, {'text': 'pub', 'entity': 'restaurant_type'}, {'text': ' in '}, {'text': 'Woodston', 'entity': 'city'}]"
BookRestaurant,Book the City Tavern in Holiday KS.,"[{'text': 'Book the '}, {'text': 'City Tavern', 'entity': 'restaurant_name'}, {'text': ' in '}, {'text': 'Holiday', 'entity': 'city'}, {'text': ' '}, {'text': 'KS', 'entity': 'state'}, {'text': '.'}]"
BookRestaurant,Book me seats for 6 at the best brasserie that serves marche neighboring my hostel,"[{'text': 'Book me seats for '}, {'text': '6', 'entity': 'party_size_number'}, {'text': ' at the '}, {'text': 'best', 'entity': 'sort'}, {'text': ' '}, {'text': 'brasserie', 'entity': 'restaurant_type'}, {'text': ' that serves '}, {'text': 'marche', 'entity': 'cuisine'}, {'text': ' '}, {'text': 'neighboring', 'entity': 'spatial_relation'}, {'text': ' '}, {'text': 'my hostel', 'entity': 'poi'}]"
BookRestaurant,Book a table at a restaurant in Portugal with parking for me and bonnie in 19 minutes,"[{'text': 'Book a table at a '}, {'text': 'restaurant', 'entity': 'restaurant_type'}, {'text': ' in '}, {'text': 'Portugal', 'entity': 'country'}, {'text': ' with '}, {'text': 'parking', 'entity': 'facility'}, {'text': ' for '}, {'text': 'me and bonnie', 'entity': 'party_size_description'}, {'text': ' '}, {'text': 'in 19 minutes', 'entity': 'timeRange'}]"
BookRestaurant,I would like to book at Clinton Street Baking Company & Restaurant in Brookneal.,"[{'text': 'I would like to book at '}, {'text': 'Clinton Street Baking Company & Restaurant', 'entity': 'restaurant_name'}, {'text': ' in '}, {'text': 'Brookneal', 'entity': 'city'}, {'text': '.'}]"
BookRestaurant,Make a reservation for 7 people at a gastropub on Isle of Man.,"[{'text': 'Make a reservation for '}, {'text': '7', 'entity': 'party_size_number'}, {'text': ' people at a '}, {'text': 'gastropub', 'entity': 'restaurant_type'}, {'text': ' on '}, {'text': 'Isle of Man', 'entity': 'country'}, {'text': '.'}]"
BookRestaurant,I'd like a table for 6 at a restaurant in Denmark at 22,"[{'text': ""I'd like a table for ""}, {'text': '6', 'entity': 'party_size_number'}, {'text': ' at a '}, {'text': 'restaurant', 'entity': 'restaurant_type'}, {'text': ' in '}, {'text': 'Denmark', 'entity': 'country'}, {'text': ' at '}, {'text': '22', 'entity': 'timeRange'}]"
BookRestaurant,I want to book an oyster bar for five people.,"[{'text': 'I want to book an '}, {'text': 'oyster bar', 'entity': 'restaurant_type'}, {'text': ' for '}, {'text': 'five', 'entity': 'party_size_number'}, {'text': ' people.'}]"
BookRestaurant,get me a reservation at a brasserie that serves jain in Pinto,"[{'text': 'get me a reservation at a '}, {'text': 'brasserie', 'entity': 'restaurant_type'}, {'text': ' that serves '}, {'text': 'jain', 'entity': 'cuisine'}, {'text': ' in '}, {'text': 'Pinto', 'entity': 'city'}]"
BookRestaurant,book a spot for 10 in the same area  of Inwood - 207th St,"[{'text': 'book a spot for '}, {'text': '10', 'entity': 'party_size_number'}, {'text': ' '}, {'text': 'in the same area', 'entity': 'spatial_relation'}, {'text': '  of '}, {'text': 'Inwood - 207th St', 'entity': 'poi'}]"
BookRestaurant,book a spot in the same area as Yankee Doodle Coffee Shop in Madagascar,"[{'text': 'book a spot '}, {'text': 'in the same area', 'entity': 'spatial_relation'}, {'text': ' as '}, {'text': 'Yankee Doodle Coffee Shop', 'entity': 'restaurant_name'}, {'text': ' in '}, {'text': 'Madagascar', 'entity': 'country'}]"
AddToPlaylist,Add Chamberlain Waits to my picnic in the park,"[{'text': 'Add '}, {'text': 'Chamberlain Waits', 'entity': 'entity_name'}, {'text': ' to '}, {'text': 'my', 'entity': 'playlist_owner'}, {'text': ' '}, {'text': 'picnic in the park', 'entity': 'playlist'}]"
AddToPlaylist,Add John Tesh to my salsa classics playlist,"[{'text': 'Add '}, {'text': 'John Tesh', 'entity': 'artist'}, {'text': ' to '}, {'text': 'my', 'entity': 'playlist_owner'}, {'text': ' '}, {'text': 'salsa classics', 'entity': 'playlist'}, {'text': ' playlist'}]"
AddToPlaylist,add Love Story wa Totsuzen ni to the martin garrix show playlist,"[{'text': 'add '}, {'text': 'Love Story wa Totsuzen ni', 'entity': 'entity_name'}, {'text': ' to '}, {'text': 'the martin garrix show', 'entity': 'playlist'}, {'text': ' playlist'}]"
AddToPlaylist,Add this tune to my Indie Reflection Playlist,"[{'text': 'Add this '}, {'text': 'tune', 'entity': 'music_item'}, {'text': ' to '}, {'text': 'my', 'entity': 'playlist_owner'}, {'text': ' '}, {'text': 'Indie Reflection', 'entity': 'playlist'}, {'text': ' Playlist'}]"
AddToPlaylist,add xiang xiang album to my Madden NFL 16,"[{'text': 'add '}, {'text': 'xiang xiang', 'entity': 'artist'}, {'text': ' '}, {'text': 'album', 'entity': 'music_item'}, {'text': ' to '}, {'text': 'my', 'entity': 'playlist_owner'}, {'text': ' '}, {'text': 'Madden NFL 16', 'entity': 'playlist'}]"
AddToPlaylist,add Contact to my nu metal playlist,"[{'text': 'add '}, {'text': 'Contact', 'entity': 'entity_name'}, {'text': ' to '}, {'text': 'my', 'entity': 'playlist_owner'}, {'text': ' '}, {'text': 'nu metal', 'entity': 'playlist'}, {'text': ' playlist'}]"
AddToPlaylist,Add I Almost Lost My Mind to my bossa nova dinner playlist. ,"[{'text': 'Add '}, {'text': 'I Almost Lost My Mind', 'entity': 'entity_name'}, {'text': ' to '}, {'text': 'my', 'entity': 'playlist_owner'}, {'text': ' '}, {'text': 'bossa nova dinner', 'entity': 'playlist'}, {'text': ' playlist. '}]"
AddToPlaylist,add this Eric Weissberg song to my Dance Workout,"[{'text': 'add this '}, {'text': 'Eric Weissberg', 'entity': 'artist'}, {'text': ' '}, {'text': 'song', 'entity': 'music_item'}, {'text': ' to '}, {'text': 'my', 'entity': 'playlist_owner'}, {'text': ' '}, {'text': 'Dance Workout', 'entity': 'playlist'}]"
AddToPlaylist,Add another album to my keep calm playlist. ,"[{'text': 'Add another '}, {'text': 'album', 'entity': 'music_item'}, {'text': ' to '}, {'text': 'my', 'entity': 'playlist_owner'}, {'text': ' '}, {'text': 'keep calm', 'entity': 'playlist'}, {'text': ' playlist. '}]"
AddToPlaylist,Put an inyeccion musical track in the nanette's playlist. ,"[{'text': 'Put an '}, {'text': 'inyeccion musical', 'entity': 'playlist'}, {'text': ' '}, {'text': 'track', 'entity': 'music_item'}, {'text': ' in the '}, {'text': ""nanette's"", 'entity': 'playlist_owner'}, {'text': ' playlist. '}]"
AddToPlaylist,add little walter to Women of Comedy playlist,"[{'text': 'add '}, {'text': 'little walter', 'entity': 'artist'}, {'text': ' to '}, {'text': 'Women of Comedy', 'entity': 'playlist'}, {'text': ' playlist'}]"
AddToPlaylist,Can the artist big mama thornton be put onto my Trabajo Relax playlist?,"[{'text': 'Can the '}, {'text': 'artist', 'entity': 'music_item'}, {'text': ' '}, {'text': 'big mama thornton', 'entity': 'artist'}, {'text': ' be put onto '}, {'text': 'my', 'entity': 'playlist_owner'}, {'text': ' '}, {'text': 'Trabajo Relax', 'entity': 'playlist'}, {'text': ' playlist?'}]"
AddToPlaylist,I want this song on the playlist called chill vibes,"[{'text': 'I want this '}, {'text': 'song', 'entity': 'music_item'}, {'text': ' on the playlist called '}, {'text': 'chill vibes', 'entity': 'playlist'}]"
AddToPlaylist,add the track by Paul Gray to my 2010s smash hits playlist,"[{'text': 'add the '}, {'text': 'track', 'entity': 'music_item'}, {'text': ' by '}, {'text': 'Paul Gray', 'entity': 'artist'}, {'text': ' to '}, {'text': 'my', 'entity': 'playlist_owner'}, {'text': ' '}, {'text': '2010s smash hits', 'entity': 'playlist'}, {'text': ' playlist'}]"
AddToPlaylist,add this track to my global funk,"[{'text': 'add this '}, {'text': 'track', 'entity': 'music_item'}, {'text': ' to '}, {'text': 'my', 'entity': 'playlist_owner'}, {'text': ' '}, {'text': 'global funk', 'entity': 'playlist'}]"
AddToPlaylist,Add nina hagen to essential folk,"[{'text': 'Add '}, {'text': 'nina hagen', 'entity': 'artist'}, {'text': ' to '}, {'text': 'essential folk', 'entity': 'playlist'}]"
AddToPlaylist,Add parempi mies to the Cafe con Leche playlist. ,"[{'text': 'Add '}, {'text': 'parempi mies', 'entity': 'entity_name'}, {'text': ' to the '}, {'text': 'Cafe con Leche', 'entity': 'playlist'}, {'text': ' playlist. '}]"
AddToPlaylist,add come on a cone to Power Walk playlist,"[{'text': 'add '}, {'text': 'come on a cone', 'entity': 'entity_name'}, {'text': ' to '}, {'text': 'Power Walk', 'entity': 'playlist'}, {'text': ' playlist'}]"
AddToPlaylist,Add this tune to the Heavy Gamer playlist.,"[{'text': 'Add this '}, {'text': 'tune', 'entity': 'music_item'}, {'text': ' to the '}, {'text': 'Heavy Gamer', 'entity': 'playlist'}, {'text': ' playlist.'}]"
AddToPlaylist,The spring classical playlist needs Partners in Crime added to it. ,"[{'text': 'The '}, {'text': 'spring classical', 'entity': 'playlist'}, {'text': ' playlist needs '}, {'text': 'Partners in Crime', 'entity': 'entity_name'}, {'text': ' added to it. '}]"
AddToPlaylist,add tune to my Hype playlist,"[{'text': 'add '}, {'text': 'tune', 'entity': 'music_item'}, {'text': ' to '}, {'text': 'my', 'entity': 'playlist_owner'}, {'text': ' '}, {'text': 'Hype', 'entity': 'playlist'}, {'text': ' playlist'}]"
AddToPlaylist,Can my electro sur have this song added to it?,"[{'text': 'Can '}, {'text': 'my', 'entity': 'playlist_owner'}, {'text': ' '}, {'text': 'electro sur', 'entity': 'playlist'}, {'text': ' have this '}, {'text': 'song', 'entity': 'music_item'}, {'text': ' added to it?'}]"
AddToPlaylist,add this song onto hip hop gaming playlist,"[{'text': 'add this '}, {'text': 'song', 'entity': 'music_item'}, {'text': ' onto '}, {'text': 'hip hop gaming', 'entity': 'playlist'}, {'text': ' playlist'}]"
AddToPlaylist,Add a tune to Skylar Diggins' Training Mix,"[{'text': 'Add a '}, {'text': 'tune', 'entity': 'music_item'}, {'text': ' to '}, {'text': ""Skylar Diggins' Training Mix"", 'entity': 'playlist'}]"
AddToPlaylist,add songs tune in Reggae Infusions,"[{'text': 'add songs '}, {'text': 'tune', 'entity': 'music_item'}, {'text': ' in '}, {'text': 'Reggae Infusions', 'entity': 'playlist'}]"
AddToPlaylist,Put dschiwan gasparjan into the Cool Down playlist. ,"[{'text': 'Put '}, {'text': 'dschiwan gasparjan', 'entity': 'artist'}, {'text': ' into the '}, {'text': 'Cool Down', 'entity': 'playlist'}, {'text': ' playlist. '}]"
AddToPlaylist,go ahead and add blowfly to my This Is Schubert list,"[{'text': 'go ahead and add '}, {'text': 'blowfly', 'entity': 'artist'}, {'text': ' to '}, {'text': 'my', 'entity': 'playlist_owner'}, {'text': ' '}, {'text': 'This Is Schubert', 'entity': 'playlist'}, {'text': ' list'}]"
AddToPlaylist,add Dias Felices to my todo reggaeton playlist,"[{'text': 'add '}, {'text': 'Dias Felices', 'entity': 'entity_name'}, {'text': ' to '}, {'text': 'my', 'entity': 'playlist_owner'}, {'text': ' '}, {'text': 'todo reggaeton', 'entity': 'playlist'}, {'text': ' playlist'}]"
AddToPlaylist,Would you put hammer onto the lunch playlist?,"[{'text': 'Would you put '}, {'text': 'hammer', 'entity': 'entity_name'}, {'text': ' onto the '}, {'text': 'lunch', 'entity': 'playlist'}, {'text': ' playlist?'}]"
AddToPlaylist,Add this album to Trotamundos,"[{'text': 'Add this '}, {'text': 'album', 'entity': 'music_item'}, {'text': ' to '}, {'text': 'Trotamundos', 'entity': 'playlist'}]"
AddToPlaylist,add Paper Doll to the Power Walk playlist,"[{'text': 'add '}, {'text': 'Paper Doll', 'entity': 'entity_name'}, {'text': ' to the '}, {'text': 'Power Walk', 'entity': 'playlist'}, {'text': ' playlist'}]"
AddToPlaylist,add the name covenant to the playlist Fusion Fest,"[{'text': 'add the name '}, {'text': 'covenant', 'entity': 'entity_name'}, {'text': ' to the playlist '}, {'text': 'Fusion Fest', 'entity': 'playlist'}]"
AddToPlaylist,find lesley's epic classical playlist and add this tune,"[{'text': 'find '}, {'text': ""lesley's"", 'entity': 'playlist_owner'}, {'text': ' '}, {'text': 'epic classical', 'entity': 'playlist'}, {'text': ' playlist and add this '}, {'text': 'tune', 'entity': 'music_item'}]"
AddToPlaylist,For my playlist Wild Country add a great day for freedom,"[{'text': 'For '}, {'text': 'my', 'entity': 'playlist_owner'}, {'text': ' playlist '}, {'text': 'Wild Country', 'entity': 'playlist'}, {'text': ' add '}, {'text': 'a great day for freedom', 'entity': 'entity_name'}]"
AddToPlaylist,add song to This Is Philip Glass,"[{'text': 'add '}, {'text': 'song', 'entity': 'music_item'}, {'text': ' to '}, {'text': 'This Is Philip Glass', 'entity': 'playlist'}]"
AddToPlaylist,Add the singer Barbara to my COUNTRY RADIO playlists,"[{'text': 'Add the singer '}, {'text': 'Barbara', 'entity': 'artist'}, {'text': ' to '}, {'text': 'my', 'entity': 'playlist_owner'}, {'text': ' '}, {'text': 'COUNTRY RADIO', 'entity': 'playlist'}, {'text': ' playlists'}]"
AddToPlaylist,Put ares in my canadian country playlist,"[{'text': 'Put '}, {'text': 'ares', 'entity': 'entity_name'}, {'text': ' in '}, {'text': 'my', 'entity': 'playlist_owner'}, {'text': ' '}, {'text': 'canadian country', 'entity': 'playlist'}, {'text': ' playlist'}]"
AddToPlaylist,add this artist to my Sinfonia Hipster,"[{'text': 'add this '}, {'text': 'artist', 'entity': 'music_item'}, {'text': ' to '}, {'text': 'my', 'entity': 'playlist_owner'}, {'text': ' '}, {'text': 'Sinfonia Hipster', 'entity': 'playlist'}]"
AddToPlaylist,Add Driven to Tears to the viral semanal playlist. ,"[{'text': 'Add '}, {'text': 'Driven to Tears', 'entity': 'entity_name'}, {'text': ' to the '}, {'text': 'viral semanal', 'entity': 'playlist'}, {'text': ' playlist. '}]"
AddToPlaylist,Add ramble on to Halloween Teens,"[{'text': 'Add '}, {'text': 'ramble on', 'entity': 'entity_name'}, {'text': ' to '}, {'text': 'Halloween Teens', 'entity': 'playlist'}]"
AddToPlaylist,Add od mene se odvikavaj to my laundry,"[{'text': 'Add '}, {'text': 'od mene se odvikavaj', 'entity': 'entity_name'}, {'text': ' to '}, {'text': 'my', 'entity': 'playlist_owner'}, {'text': ' '}, {'text': 'laundry', 'entity': 'playlist'}]"
AddToPlaylist,Put sleeping with ghosts into my 90s Indie playlist. ,"[{'text': 'Put '}, {'text': 'sleeping with ghosts', 'entity': 'entity_name'}, {'text': ' into '}, {'text': 'my', 'entity': 'playlist_owner'}, {'text': ' '}, {'text': '90s Indie', 'entity': 'playlist'}, {'text': ' playlist. '}]"
AddToPlaylist,Add child owlet to my Sleep Sounds playlist ,"[{'text': 'Add '}, {'text': 'child owlet', 'entity': 'entity_name'}, {'text': ' to '}, {'text': 'my', 'entity': 'playlist_owner'}, {'text': ' '}, {'text': 'Sleep Sounds', 'entity': 'playlist'}, {'text': ' playlist '}]"
AddToPlaylist,add j r rotem to Classic Jazz Singers playlist,"[{'text': 'add '}, {'text': 'j r rotem', 'entity': 'artist'}, {'text': ' to '}, {'text': 'Classic Jazz Singers', 'entity': 'playlist'}, {'text': ' playlist'}]"
AddToPlaylist,Add bright and breezy to my This Is Gucci Mane playlist,"[{'text': 'Add '}, {'text': 'bright and breezy', 'entity': 'entity_name'}, {'text': ' to '}, {'text': 'my', 'entity': 'playlist_owner'}, {'text': ' '}, {'text': 'This Is Gucci Mane', 'entity': 'playlist'}, {'text': ' playlist'}]"
AddToPlaylist,I want to add Kiara to my Digster Future Hits playlist,"[{'text': 'I want to add '}, {'text': 'Kiara', 'entity': 'artist'}, {'text': ' to '}, {'text': 'my', 'entity': 'playlist_owner'}, {'text': ' '}, {'text': 'Digster Future Hits', 'entity': 'playlist'}, {'text': ' playlist'}]"
AddToPlaylist,Add a track from The Edge to my funk soul disco playlist,"[{'text': 'Add a '}, {'text': 'track', 'entity': 'music_item'}, {'text': ' from '}, {'text': 'The Edge', 'entity': 'artist'}, {'text': ' to '}, {'text': 'my', 'entity': 'playlist_owner'}, {'text': ' '}, {'text': 'funk soul disco', 'entity': 'playlist'}, {'text': ' playlist'}]"
AddToPlaylist,Add the name Shall We Dance to playlist Rock,"[{'text': 'Add the name '}, {'text': 'Shall We Dance', 'entity': 'entity_name'}, {'text': ' to playlist '}, {'text': 'Rock', 'entity': 'playlist'}]"
AddToPlaylist,Add Tarkan to my madrugando playlist,"[{'text': 'Add '}, {'text': 'Tarkan', 'entity': 'artist'}, {'text': ' to '}, {'text': 'my', 'entity': 'playlist_owner'}, {'text': ' '}, {'text': 'madrugando', 'entity': 'playlist'}, {'text': ' playlist'}]"
AddToPlaylist,add share the well to my epic wall of sound,"[{'text': 'add '}, {'text': 'share the well', 'entity': 'entity_name'}, {'text': ' to '}, {'text': 'my', 'entity': 'playlist_owner'}, {'text': ' '}, {'text': 'epic wall of sound', 'entity': 'playlist'}]"
GetWeather,Is there snowfall nearby AMerican Samoa,"[{'text': 'Is there '}, {'text': 'snowfall', 'entity': 'condition_description'}, {'text': ' '}, {'text': 'nearby', 'entity': 'spatial_relation'}, {'text': ' '}, {'text': 'AMerican Samoa', 'entity': 'state'}]"
GetWeather,"How snowy will it be in this current place on Feb. first, 2034?","[{'text': 'How '}, {'text': 'snowy', 'entity': 'condition_description'}, {'text': ' will it be in this '}, {'text': 'current place', 'entity': 'current_location'}, {'text': ' on '}, {'text': 'Feb. first, 2034', 'entity': 'timeRange'}, {'text': '?'}]"
GetWeather,I need to know if its humid in Greenback in Mongolia,"[{'text': 'I need to know if its '}, {'text': 'humid', 'entity': 'condition_description'}, {'text': ' in '}, {'text': 'Greenback', 'entity': 'city'}, {'text': ' in '}, {'text': 'Mongolia', 'entity': 'country'}]"
GetWeather,"What are the weather conditions going to be like in Manhasset, Vermont on Dec. the 6th, 2036?","[{'text': 'What are the weather conditions going to be like in '}, {'text': 'Manhasset', 'entity': 'city'}, {'text': ', '}, {'text': 'Vermont', 'entity': 'state'}, {'text': ' on '}, {'text': 'Dec. the 6th, 2036', 'entity': 'timeRange'}, {'text': '?'}]"
GetWeather,what is the ME forecast for Joanna,"[{'text': 'what is the '}, {'text': 'ME', 'entity': 'state'}, {'text': ' forecast for '}, {'text': 'Joanna', 'entity': 'city'}]"
GetWeather,Weather for Beauregard IL,"[{'text': 'Weather for '}, {'text': 'Beauregard', 'entity': 'city'}, {'text': ' '}, {'text': 'IL', 'entity': 'state'}]"
GetWeather,what is the Gearhart forecast,"[{'text': 'what is the '}, {'text': 'Gearhart', 'entity': 'city'}, {'text': ' forecast'}]"
GetWeather,"Will it be hot on december 28 in Ayr, MI","[{'text': 'Will it be '}, {'text': 'hot', 'entity': 'condition_temperature'}, {'text': ' on '}, {'text': 'december 28', 'entity': 'timeRange'}, {'text': ' in '}, {'text': 'Ayr', 'entity': 'city'}, {'text': ', '}, {'text': 'MI', 'entity': 'state'}]"
GetWeather,weather for five am in Osyka Bhutan,"[{'text': 'weather for '}, {'text': 'five am', 'entity': 'timeRange'}, {'text': ' in '}, {'text': 'Osyka', 'entity': 'city'}, {'text': ' '}, {'text': 'Bhutan', 'entity': 'country'}]"
GetWeather,Will there be sun at four PM at Runkaus Strict Nature Reserve,"[{'text': 'Will there be '}, {'text': 'sun', 'entity': 'condition_description'}, {'text': ' at '}, {'text': 'four PM', 'entity': 'timeRange'}, {'text': ' at '}, {'text': 'Runkaus Strict Nature Reserve', 'entity': 'geographic_poi'}]"
GetWeather,Will it be hot near Calakmul Biosphere Reserve 3 seconds from now,"[{'text': 'Will it be '}, {'text': 'hot', 'entity': 'condition_temperature'}, {'text': ' '}, {'text': 'near', 'entity': 'spatial_relation'}, {'text': ' '}, {'text': 'Calakmul Biosphere Reserve', 'entity': 'geographic_poi'}, {'text': ' '}, {'text': '3 seconds from now', 'entity': 'timeRange'}]"
GetWeather,what is the forecast starting at 8 pm for Alaska,"[{'text': 'what is the forecast starting at '}, {'text': '8 pm', 'entity': 'timeRange'}, {'text': ' for '}, {'text': 'Alaska', 'entity': 'state'}]"
GetWeather,What's the weather forecast for Niue at two am?,"[{'text': ""What's the weather forecast for ""}, {'text': 'Niue', 'entity': 'country'}, {'text': ' at '}, {'text': 'two am', 'entity': 'timeRange'}, {'text': '?'}]"
GetWeather,Is it going to be freezing in one hour in Puerto Rico,"[{'text': 'Is it going to be '}, {'text': 'freezing', 'entity': 'condition_temperature'}, {'text': ' '}, {'text': 'in one hour', 'entity': 'timeRange'}, {'text': ' in '}, {'text': 'Puerto Rico', 'entity': 'country'}]"
GetWeather,Please let me know the weather forecast in Louisiana state,"[{'text': 'Please let me know the weather forecast in '}, {'text': 'Louisiana', 'entity': 'state'}, {'text': ' '}, {'text': 'state', 'entity': 'geographic_poi'}]"
GetWeather,Weather for Cougar Canyon Wilderness,"[{'text': 'Weather for '}, {'text': 'Cougar Canyon Wilderness', 'entity': 'geographic_poi'}]"
GetWeather,"whats the forecast for January 21, 2035 in Dubach","[{'text': 'whats the forecast for '}, {'text': 'January 21, 2035', 'entity': 'timeRange'}, {'text': ' in '}, {'text': 'Dubach', 'entity': 'city'}]"
GetWeather,Will it be colder in Noblesville East Timor at 3 pm?,"[{'text': 'Will it be '}, {'text': 'colder', 'entity': 'condition_temperature'}, {'text': ' in '}, {'text': 'Noblesville', 'entity': 'city'}, {'text': ' '}, {'text': 'East Timor', 'entity': 'country'}, {'text': ' at '}, {'text': '3 pm', 'entity': 'timeRange'}, {'text': '?'}]"
GetWeather,Will it be warm in the current place next spring,"[{'text': 'Will it be '}, {'text': 'warm', 'entity': 'condition_temperature'}, {'text': ' in the '}, {'text': 'current place', 'entity': 'current_location'}, {'text': ' '}, {'text': 'next spring', 'entity': 'timeRange'}]"
GetWeather,Please check the weather forecast here.,"[{'text': 'Please check the weather forecast '}, {'text': 'here', 'entity': 'current_location'}, {'text': '.'}]"
GetWeather,Is the expected weather temperate here in 1 month,"[{'text': 'Is the expected weather '}, {'text': 'temperate', 'entity': 'condition_temperature'}, {'text': ' '}, {'text': 'here', 'entity': 'current_location'}, {'text': ' '}, {'text': 'in 1 month', 'entity': 'timeRange'}]"
GetWeather,What's the weather forecast for Delaware right now,"[{'text': ""What's the weather forecast for ""}, {'text': 'Delaware', 'entity': 'state'}, {'text': ' right '}, {'text': 'now', 'entity': 'timeRange'}]"
GetWeather,what will the weather be in FL on 1/11/2030,"[{'text': 'what will the weather be in '}, {'text': 'FL', 'entity': 'state'}, {'text': ' on '}, {'text': '1/11/2030', 'entity': 'timeRange'}]"
GetWeather,How will the weather be in 11 years from now in the same area of Florida?,"[{'text': 'How will the weather be in '}, {'text': '11 years from now', 'entity': 'timeRange'}, {'text': ' '}, {'text': 'in the same area', 'entity': 'spatial_relation'}, {'text': ' of '}, {'text': 'Florida', 'entity': 'state'}, {'text': '?'}]"
GetWeather,Is it going to get hotter in my current position,"[{'text': 'Is it going to get '}, {'text': 'hotter', 'entity': 'condition_temperature'}, {'text': ' in my '}, {'text': 'current position', 'entity': 'current_location'}]"
GetWeather,What is the temperature in Western Sahara or within the same area three seconds from now,"[{'text': 'What is the temperature in '}, {'text': 'Western Sahara', 'entity': 'country'}, {'text': ' or '}, {'text': 'within the same area', 'entity': 'spatial_relation'}, {'text': ' '}, {'text': 'three seconds from now', 'entity': 'timeRange'}]"
GetWeather,What will the weather be like this Week close-by Saudi Arabia,"[{'text': 'What will the weather be like this '}, {'text': 'Week', 'entity': 'timeRange'}, {'text': ' '}, {'text': 'close-by', 'entity': 'spatial_relation'}, {'text': ' '}, {'text': 'Saudi Arabia', 'entity': 'country'}]"
GetWeather,Will it be stormy not far from ID on 10/2/2021,"[{'text': 'Will it be '}, {'text': 'stormy', 'entity': 'condition_description'}, {'text': ' '}, {'text': 'not far', 'entity': 'spatial_relation'}, {'text': ' from '}, {'text': 'ID', 'entity': 'state'}, {'text': ' on '}, {'text': '10/2/2021', 'entity': 'timeRange'}]"
GetWeather,Will it be warm neighboring here in Whitehouse?,"[{'text': 'Will it be '}, {'text': 'warm', 'entity': 'condition_temperature'}, {'text': ' '}, {'text': 'neighboring', 'entity': 'spatial_relation'}, {'text': ' '}, {'text': 'here', 'entity': 'current_location'}, {'text': ' in '}, {'text': 'Whitehouse', 'entity': 'city'}, {'text': '?'}]"
GetWeather,Can you give me the weather for here,"[{'text': 'Can you give me the weather for '}, {'text': 'here', 'entity': 'current_location'}]"
GetWeather,"Give me the forecast for feb. eleventh, 2034 far from Alaska","[{'text': 'Give me the forecast for '}, {'text': 'feb. eleventh, 2034', 'entity': 'timeRange'}, {'text': ' '}, {'text': 'far', 'entity': 'spatial_relation'}, {'text': ' from '}, {'text': 'Alaska', 'entity': 'state'}]"
GetWeather,what is the weather forecast for La Cienega,"[{'text': 'what is the weather forecast for '}, {'text': 'La Cienega', 'entity': 'city'}]"
GetWeather,Weather for Jan. 7 in North Carolina,"[{'text': 'Weather for '}, {'text': 'Jan. 7', 'entity': 'timeRange'}, {'text': ' in '}, {'text': 'North Carolina', 'entity': 'state'}]"
GetWeather,What will the weather be in Lamar?,"[{'text': 'What will the weather be in '}, {'text': 'Lamar', 'entity': 'city'}, {'text': '?'}]"
GetWeather,will there be fog Tonight at Beamer Memorial Conservation Area,"[{'text': 'will there be '}, {'text': 'fog', 'entity': 'condition_description'}, {'text': ' '}, {'text': 'Tonight', 'entity': 'timeRange'}, {'text': ' at '}, {'text': 'Beamer Memorial Conservation Area', 'entity': 'geographic_poi'}]"
GetWeather,Will there be a snowstorm in William B. Ide Adobe State Historic Park,"[{'text': 'Will there be a '}, {'text': 'snowstorm', 'entity': 'condition_description'}, {'text': ' in '}, {'text': 'William B. Ide Adobe State Historic Park', 'entity': 'geographic_poi'}]"
GetWeather,I'd like to see weather conditions for Ennis.,"[{'text': ""I'd like to see weather conditions for ""}, {'text': 'Ennis', 'entity': 'city'}, {'text': '.'}]"
GetWeather,Whats the temperature not far from Valley of Fire,"[{'text': 'Whats the temperature '}, {'text': 'not far', 'entity': 'spatial_relation'}, {'text': ' from '}, {'text': 'Valley of Fire', 'entity': 'geographic_poi'}]"
GetWeather,What is the weather forecast for my current place?,"[{'text': 'What is the weather forecast for my '}, {'text': 'current place', 'entity': 'current_location'}, {'text': '?'}]"
GetWeather,Will the weather be temperate 188 days from now in Zimbabwe,"[{'text': 'Will the weather be '}, {'text': 'temperate', 'entity': 'condition_temperature'}, {'text': ' '}, {'text': '188 days from now', 'entity': 'timeRange'}, {'text': ' in '}, {'text': 'Zimbabwe', 'entity': 'country'}]"
GetWeather,"Show me weather forecast in Clontarf, KY from 4 hours from now.","[{'text': 'Show me weather forecast in '}, {'text': 'Clontarf', 'entity': 'city'}, {'text': ', '}, {'text': 'KY', 'entity': 'state'}, {'text': ' from '}, {'text': '4 hours from now', 'entity': 'timeRange'}, {'text': '.'}]"
GetWeather,What is the weather one minute from now in Ocilla,"[{'text': 'What is the weather '}, {'text': 'one minute from now', 'entity': 'timeRange'}, {'text': ' in '}, {'text': 'Ocilla', 'entity': 'city'}]"
GetWeather,Weather for East Peru Bolivia 3 years and a half from now,"[{'text': 'Weather for '}, {'text': 'East Peru', 'entity': 'city'}, {'text': ' '}, {'text': 'Bolivia', 'entity': 'country'}, {'text': ' '}, {'text': '3 years and a half from now', 'entity': 'timeRange'}]"
GetWeather,Is it supposed to be chilly in Kuwait?,"[{'text': 'Is it supposed to be '}, {'text': 'chilly', 'entity': 'condition_temperature'}, {'text': ' in '}, {'text': 'Kuwait', 'entity': 'country'}, {'text': '?'}]"
GetWeather,Will it be chillier in Portugal in one hour?,"[{'text': 'Will it be '}, {'text': 'chillier', 'entity': 'condition_temperature'}, {'text': ' in '}, {'text': 'Portugal', 'entity': 'country'}, {'text': ' '}, {'text': 'in one hour', 'entity': 'timeRange'}, {'text': '?'}]"
GetWeather,What's the weather in Timbo?,"[{'text': ""What's the weather in ""}, {'text': 'Timbo', 'entity': 'city'}, {'text': '?'}]"
GetWeather,What's the weather in Gabon,"[{'text': ""What's the weather in ""}, {'text': 'Gabon', 'entity': 'country'}]"
GetWeather,Is it rainy season in Manitou Springs?,"[{'text': 'Is it '}, {'text': 'rainy', 'entity': 'condition_description'}, {'text': ' season in '}, {'text': 'Manitou Springs', 'entity': 'city'}, {'text': '?'}]"
GetWeather,what is the forecast for Wren for freezing weather,"[{'text': 'what is the forecast for '}, {'text': 'Wren', 'entity': 'city'}, {'text': ' for '}, {'text': 'freezing', 'entity': 'condition_temperature'}, {'text': ' weather'}]"
GetWeather,"Will it get colder in Camp San Saba, Latvia in one minute and eight seconds ","[{'text': 'Will it get '}, {'text': 'colder', 'entity': 'condition_temperature'}, {'text': ' in '}, {'text': 'Camp San Saba', 'entity': 'city'}, {'text': ', '}, {'text': 'Latvia', 'entity': 'country'}, {'text': ' '}, {'text': 'in one minute and eight seconds', 'entity': 'timeRange'}, {'text': ' '}]"
SearchCreativeWork,Where can I find Sebastien Grainger & The Mountains,"[{'text': 'Where can I find '}, {'text': 'Sebastien Grainger & The Mountains', 'entity': 'object_name'}]"
SearchCreativeWork,find Friendship Way,"[{'text': 'find '}, {'text': 'Friendship Way', 'entity': 'object_name'}]"
SearchCreativeWork,I want to play the video game The Coyote Kings of the Space-Age Bachelor Pad,"[{'text': 'I want to play the '}, {'text': 'video game', 'entity': 'object_type'}, {'text': ' '}, {'text': 'The Coyote Kings of the Space-Age Bachelor Pad', 'entity': 'object_name'}]"
SearchCreativeWork,I'm looking for the television show titled Justice League,"[{'text': ""I'm looking for the ""}, {'text': 'television show', 'entity': 'object_type'}, {'text': ' titled '}, {'text': 'Justice League', 'entity': 'object_name'}]"
SearchCreativeWork,show creative album Heredity,"[{'text': 'show creative '}, {'text': 'album', 'entity': 'object_type'}, {'text': ' '}, {'text': 'Heredity', 'entity': 'object_name'}]"
SearchCreativeWork,What song is Detective Conan: Dimensional Sniper,"[{'text': 'What '}, {'text': 'song', 'entity': 'object_type'}, {'text': ' is '}, {'text': 'Detective Conan: Dimensional Sniper', 'entity': 'object_name'}]"
SearchCreativeWork,Please find the Infrared Riding Hood TV show.,"[{'text': 'Please find the '}, {'text': 'Infrared Riding Hood', 'entity': 'object_name'}, {'text': ' '}, {'text': 'TV show', 'entity': 'object_type'}, {'text': '.'}]"
SearchCreativeWork,I need a photograph of The Oregon Desert,"[{'text': 'I need a '}, {'text': 'photograph', 'entity': 'object_type'}, {'text': ' of '}, {'text': 'The Oregon Desert', 'entity': 'object_name'}]"
SearchCreativeWork,look for the creative work Meltdown - Days of Destruction,"[{'text': 'look for the creative work '}, {'text': 'Meltdown - Days of Destruction', 'entity': 'object_name'}]"
SearchCreativeWork,Find the Love And War soundtrack,"[{'text': 'Find the '}, {'text': 'Love And War', 'entity': 'object_name'}, {'text': ' '}, {'text': 'soundtrack', 'entity': 'object_type'}]"
SearchCreativeWork,Find Phalcon.,"[{'text': 'Find '}, {'text': 'Phalcon', 'entity': 'object_name'}, {'text': '.'}]"
SearchCreativeWork,Looking for Kepler scientific workflow system,"[{'text': 'Looking for '}, {'text': 'Kepler scientific workflow system', 'entity': 'object_name'}]"
SearchCreativeWork,looking for Free Four: Tobias Tells the Divergent Knife-Throwing Scene,"[{'text': 'looking for '}, {'text': 'Free Four: Tobias Tells the Divergent Knife-Throwing Scene', 'entity': 'object_name'}]"
SearchCreativeWork,Play Nightbirds on Nantucket soundtrack,"[{'text': 'Play '}, {'text': 'Nightbirds on Nantucket', 'entity': 'object_name'}, {'text': ' '}, {'text': 'soundtrack', 'entity': 'object_type'}]"
SearchCreativeWork,Find The Fire in Our Throats Will Beckon the Thaw TV show,"[{'text': 'Find '}, {'text': 'The Fire in Our Throats Will Beckon the Thaw', 'entity': 'object_name'}, {'text': ' '}, {'text': 'TV show', 'entity': 'object_type'}]"
SearchCreativeWork,Play me the soundtrack for Nothing Personal.,"[{'text': 'Play me the '}, {'text': 'soundtrack', 'entity': 'object_type'}, {'text': ' for '}, {'text': 'Nothing Personal', 'entity': 'object_name'}, {'text': '.'}]"
SearchCreativeWork,Where can I find the Ricky Skaggs discography,"[{'text': 'Where can I find the '}, {'text': 'Ricky Skaggs discography', 'entity': 'object_name'}]"
SearchCreativeWork,Where can I find the game KAAKAI Newspaper,"[{'text': 'Where can I find the '}, {'text': 'game', 'entity': 'object_type'}, {'text': ' '}, {'text': 'KAAKAI Newspaper', 'entity': 'object_name'}]"
SearchCreativeWork,Find the show Manthan,"[{'text': 'Find the '}, {'text': 'show', 'entity': 'object_type'}, {'text': ' '}, {'text': 'Manthan', 'entity': 'object_name'}]"
SearchCreativeWork,"find Attack Surface Analyzer, a painting","[{'text': 'find '}, {'text': 'Attack Surface Analyzer', 'entity': 'object_name'}, {'text': ', a '}, {'text': 'painting', 'entity': 'object_type'}]"
SearchCreativeWork,Find a television show called Structured Fax File.,"[{'text': 'Find a '}, {'text': 'television show', 'entity': 'object_type'}, {'text': ' called '}, {'text': 'Structured Fax File', 'entity': 'object_name'}, {'text': '.'}]"
SearchCreativeWork,find the picture Their Finest Hour,"[{'text': 'find the '}, {'text': 'picture', 'entity': 'object_type'}, {'text': ' '}, {'text': 'Their Finest Hour', 'entity': 'object_name'}]"
SearchCreativeWork,Where can I purchase the TV show Time for Heroes,"[{'text': 'Where can I purchase the '}, {'text': 'TV show', 'entity': 'object_type'}, {'text': ' '}, {'text': 'Time for Heroes', 'entity': 'object_name'}]"
SearchCreativeWork,Can you pull up Queen of the Organ,"[{'text': 'Can you pull up '}, {'text': 'Queen of the Organ', 'entity': 'object_name'}]"
SearchCreativeWork,play Cry Baby Lane,"[{'text': 'play '}, {'text': 'Cry Baby Lane', 'entity': 'object_name'}]"
SearchCreativeWork,I'd like to watch the trailer for Dungeons & Dragons: Chronicles of Mystara.,"[{'text': ""I'd like to watch the ""}, {'text': 'trailer', 'entity': 'object_type'}, {'text': ' for '}, {'text': 'Dungeons & Dragons: Chronicles of Mystara', 'entity': 'object_name'}, {'text': '.'}]"
SearchCreativeWork,Please find me the Youth Against Fascism television show.,"[{'text': 'Please find me the '}, {'text': 'Youth Against Fascism', 'entity': 'object_name'}, {'text': ' '}, {'text': 'television show', 'entity': 'object_type'}, {'text': '.'}]"
SearchCreativeWork,Find a show called The Inheritors,"[{'text': 'Find a '}, {'text': 'show', 'entity': 'object_type'}, {'text': ' called '}, {'text': 'The Inheritors', 'entity': 'object_name'}]"
SearchCreativeWork,Find book The Music Lovers,"[{'text': 'Find '}, {'text': 'book', 'entity': 'object_type'}, {'text': ' '}, {'text': 'The Music Lovers', 'entity': 'object_name'}]"
SearchCreativeWork,Find a novel called Nature Reviews Genetics.,"[{'text': 'Find a '}, {'text': 'novel', 'entity': 'object_type'}, {'text': ' called '}, {'text': 'Nature Reviews Genetics', 'entity': 'object_name'}, {'text': '.'}]"
SearchCreativeWork,search for the trailer The Thieving Magpie,"[{'text': 'search for the '}, {'text': 'trailer', 'entity': 'object_type'}, {'text': ' '}, {'text': 'The Thieving Magpie', 'entity': 'object_name'}]"
SearchCreativeWork,Play the trailer for A Lineage of Grace,"[{'text': 'Play the '}, {'text': 'trailer', 'entity': 'object_type'}, {'text': ' for '}, {'text': 'A Lineage of Grace', 'entity': 'object_name'}]"
SearchCreativeWork,Look for the Editor & Publisher TV series,"[{'text': 'Look for the '}, {'text': 'Editor & Publisher', 'entity': 'object_name'}, {'text': ' '}, {'text': 'TV series', 'entity': 'object_type'}]"
SearchCreativeWork,Find The Way West show,"[{'text': 'Find '}, {'text': 'The Way West', 'entity': 'object_name'}, {'text': ' '}, {'text': 'show', 'entity': 'object_type'}]"
SearchCreativeWork,How can I see the show Pulse 2: Afterlife?,"[{'text': 'How can I see the '}, {'text': 'show', 'entity': 'object_type'}, {'text': ' '}, {'text': 'Pulse 2: Afterlife', 'entity': 'object_name'}, {'text': '?'}]"
SearchCreativeWork,Show The Second Civil War saga,"[{'text': 'Show '}, {'text': 'The Second Civil War', 'entity': 'object_name'}, {'text': ' '}, {'text': 'saga', 'entity': 'object_type'}]"
SearchCreativeWork,Search for Another Cinderella Story,"[{'text': 'Search for '}, {'text': 'Another Cinderella Story', 'entity': 'object_name'}]"
SearchCreativeWork,where can I find the video game called Izuna 2: The Unemployed Ninja Returns,"[{'text': 'where can I find the '}, {'text': 'video game', 'entity': 'object_type'}, {'text': ' called '}, {'text': 'Izuna 2: The Unemployed Ninja Returns', 'entity': 'object_name'}]"
SearchCreativeWork,Find painting Big Ideas,"[{'text': 'Find '}, {'text': 'painting', 'entity': 'object_type'}, {'text': ' '}, {'text': 'Big Ideas', 'entity': 'object_name'}]"
SearchCreativeWork,Get me the soundtrack from Sensation Comics.,"[{'text': 'Get me the '}, {'text': 'soundtrack', 'entity': 'object_type'}, {'text': ' from '}, {'text': 'Sensation Comics', 'entity': 'object_name'}, {'text': '.'}]"
SearchCreativeWork,Find me the book called Suffer,"[{'text': 'Find me the '}, {'text': 'book', 'entity': 'object_type'}, {'text': ' called '}, {'text': 'Suffer', 'entity': 'object_name'}]"
SearchCreativeWork,find the Deathsmiles II soundtrack,"[{'text': 'find the '}, {'text': 'Deathsmiles II', 'entity': 'object_name'}, {'text': ' '}, {'text': 'soundtrack', 'entity': 'object_type'}]"
SearchCreativeWork,Go to The Devil in the Deal:50 Secrets to Successful Dealmaking,"[{'text': 'Go to '}, {'text': 'The Devil in the Deal:50 Secrets to Successful Dealmaking', 'entity': 'object_name'}]"
SearchCreativeWork,Play me the song Just to See You Smile.,"[{'text': 'Play me the '}, {'text': 'song', 'entity': 'object_type'}, {'text': ' '}, {'text': 'Just to See You Smile', 'entity': 'object_name'}, {'text': '.'}]"
SearchCreativeWork,Show me TV series Lego Star Wars 3: The Clone Wars,"[{'text': 'Show me '}, {'text': 'TV series', 'entity': 'object_type'}, {'text': ' '}, {'text': 'Lego Star Wars 3: The Clone Wars', 'entity': 'object_name'}]"
SearchCreativeWork,Find a soundtrack called I Still Believe in You.,"[{'text': 'Find a '}, {'text': 'soundtrack', 'entity': 'object_type'}, {'text': ' called '}, {'text': 'I Still Believe in You', 'entity': 'object_name'}, {'text': '.'}]"
SearchCreativeWork,I'm looking for the trailer to Evil or Divine - Live in New York City.,"[{'text': ""I'm looking for the ""}, {'text': 'trailer', 'entity': 'object_type'}, {'text': ' to '}, {'text': 'Evil or Divine - Live in New York City', 'entity': 'object_name'}, {'text': '.'}]"
SearchCreativeWork,How to buy picture of Agent Hamilton: But Not If It Concerns Your Daughter,"[{'text': 'How to buy '}, {'text': 'picture', 'entity': 'object_type'}, {'text': ' of '}, {'text': 'Agent Hamilton: But Not If It Concerns Your Daughter', 'entity': 'object_name'}]"
SearchCreativeWork,What does For All the Wrong Reasons look like,"[{'text': 'What does '}, {'text': 'For All the Wrong Reasons', 'entity': 'object_name'}, {'text': ' look like'}]"
SearchCreativeWork,show creativity of The Album saga,"[{'text': 'show creativity of '}, {'text': 'The Album', 'entity': 'object_name'}, {'text': ' '}, {'text': 'saga', 'entity': 'object_type'}]"
SearchScreeningEvent,Where is the nearest movie theatre that is playing Honeysuckle Rose,"[{'text': 'Where is the '}, {'text': 'nearest', 'entity': 'spatial_relation'}, {'text': ' '}, {'text': 'movie theatre', 'entity': 'object_location_type'}, {'text': ' that is playing '}, {'text': 'Honeysuckle Rose', 'entity': 'movie_name'}]"
SearchScreeningEvent,find movie times,"[{'text': 'find '}, {'text': 'movie times', 'entity': 'object_type'}]"
SearchScreeningEvent,Does AMC Theatres have movie schedules out?,"[{'text': 'Does '}, {'text': 'AMC Theatres', 'entity': 'location_name'}, {'text': ' have '}, {'text': 'movie schedules', 'entity': 'object_type'}, {'text': ' out?'}]"
SearchScreeningEvent,What time will The Age of Success be showing?,"[{'text': 'What time will '}, {'text': 'The Age of Success', 'entity': 'movie_name'}, {'text': ' be showing?'}]"
SearchScreeningEvent,show nearest movie theatre to watch Black Jesus,"[{'text': 'show '}, {'text': 'nearest', 'entity': 'spatial_relation'}, {'text': ' '}, {'text': 'movie theatre', 'entity': 'object_location_type'}, {'text': ' to watch '}, {'text': 'Black Jesus', 'entity': 'movie_name'}]"
SearchScreeningEvent,I want to go see A Simple Noodle Story in seventeen seconds at Goodrich Quality Theaters.,"[{'text': 'I want to go see '}, {'text': 'A Simple Noodle Story', 'entity': 'movie_name'}, {'text': ' '}, {'text': 'in seventeen seconds', 'entity': 'timeRange'}, {'text': ' at '}, {'text': 'Goodrich Quality Theaters', 'entity': 'location_name'}, {'text': '.'}]"
SearchScreeningEvent,find a movie schedule in the neighborhood for films,"[{'text': 'find a '}, {'text': 'movie schedule', 'entity': 'object_type'}, {'text': ' '}, {'text': 'in the neighborhood', 'entity': 'spatial_relation'}, {'text': ' for '}, {'text': 'films', 'entity': 'movie_type'}]"
SearchScreeningEvent,What time is film showing at Southern Theatres,"[{'text': 'What time is '}, {'text': 'film', 'entity': 'movie_type'}, {'text': ' showing at '}, {'text': 'Southern Theatres', 'entity': 'location_name'}]"
SearchScreeningEvent,Find the schedule for The Tale of Sweeney Todd at seven o'clock.,"[{'text': 'Find the '}, {'text': 'schedule', 'entity': 'object_type'}, {'text': ' for '}, {'text': 'The Tale of Sweeney Todd', 'entity': 'movie_name'}, {'text': ' at '}, {'text': ""seven o'clock"", 'entity': 'timeRange'}, {'text': '.'}]"
SearchScreeningEvent,Find movie schedules.,"[{'text': 'Find '}, {'text': 'movie schedules', 'entity': 'object_type'}, {'text': '.'}]"
SearchScreeningEvent,What are the movie times of films in the neighbourhood,"[{'text': 'What are the '}, {'text': 'movie times', 'entity': 'object_type'}, {'text': ' of '}, {'text': 'films', 'entity': 'movie_type'}, {'text': ' '}, {'text': 'in the neighbourhood', 'entity': 'spatial_relation'}]"
SearchScreeningEvent,Show me movie time for I Am Sorry  at my movie house,"[{'text': 'Show me movie time for '}, {'text': 'I Am Sorry', 'entity': 'movie_name'}, {'text': '  at my '}, {'text': 'movie house', 'entity': 'object_location_type'}]"
SearchScreeningEvent,Can you bring up the movie schedule for ArcLight Hollywood?,"[{'text': 'Can you bring up the '}, {'text': 'movie schedule', 'entity': 'object_type'}, {'text': ' for '}, {'text': 'ArcLight Hollywood', 'entity': 'location_name'}, {'text': '?'}]"
SearchScreeningEvent,what's the nearest cinema showing The Death of Stalinism in Bohemia 1 second from now,"[{'text': ""what's the ""}, {'text': 'nearest', 'entity': 'spatial_relation'}, {'text': ' '}, {'text': 'cinema', 'entity': 'object_location_type'}, {'text': ' showing '}, {'text': 'The Death of Stalinism in Bohemia', 'entity': 'movie_name'}, {'text': ' '}, {'text': '1 second from now', 'entity': 'timeRange'}]"
SearchScreeningEvent,Where is the nearest movie theatre playing The Sword of Many Lovers?,"[{'text': 'Where is the '}, {'text': 'nearest', 'entity': 'spatial_relation'}, {'text': ' '}, {'text': 'movie theatre', 'entity': 'object_location_type'}, {'text': ' playing '}, {'text': 'The Sword of Many Lovers', 'entity': 'movie_name'}, {'text': '?'}]"
SearchScreeningEvent,I want a list of showings of Days of Fire at Harkins Theatres,"[{'text': 'I want a list of showings of '}, {'text': 'Days of Fire', 'entity': 'movie_name'}, {'text': ' at '}, {'text': 'Harkins Theatres', 'entity': 'location_name'}]"
SearchScreeningEvent,Find the nearest movie house that's showing movies,"[{'text': 'Find the '}, {'text': 'nearest', 'entity': 'spatial_relation'}, {'text': ' '}, {'text': 'movie house', 'entity': 'object_location_type'}, {'text': "" that's showing ""}, {'text': 'movies', 'entity': 'movie_type'}]"
SearchScreeningEvent,Let me know what animated movies are playing around here.,"[{'text': 'Let me know what '}, {'text': 'animated movies', 'entity': 'movie_type'}, {'text': ' are playing '}, {'text': 'around here', 'entity': 'spatial_relation'}, {'text': '.'}]"
SearchScreeningEvent,Please give me the movie schedules.,"[{'text': 'Please give me the '}, {'text': 'movie schedules', 'entity': 'object_type'}, {'text': '.'}]"
SearchScreeningEvent,Where is the nearest cinema that is playing Pioneers of the West,"[{'text': 'Where is the '}, {'text': 'nearest', 'entity': 'spatial_relation'}, {'text': ' '}, {'text': 'cinema', 'entity': 'object_location_type'}, {'text': ' that is playing '}, {'text': 'Pioneers of the West', 'entity': 'movie_name'}]"
SearchScreeningEvent,Find movie schedules.,"[{'text': 'Find '}, {'text': 'movie schedules', 'entity': 'object_type'}, {'text': '.'}]"
SearchScreeningEvent,find movie times,"[{'text': 'find '}, {'text': 'movie times', 'entity': 'object_type'}]"
SearchScreeningEvent,tell me what films are around here,"[{'text': 'tell me what '}, {'text': 'films', 'entity': 'movie_type'}, {'text': ' are '}, {'text': 'around here', 'entity': 'spatial_relation'}]"
SearchScreeningEvent,what are the movie times for Dickinson Theatres,"[{'text': 'what are the '}, {'text': 'movie times', 'entity': 'object_type'}, {'text': ' for '}, {'text': 'Dickinson Theatres', 'entity': 'location_name'}]"
SearchScreeningEvent,What time does the next movie play around here,"[{'text': 'What time does the next '}, {'text': 'movie', 'entity': 'movie_type'}, {'text': ' play '}, {'text': 'around here', 'entity': 'spatial_relation'}]"
SearchScreeningEvent,Which movies are being screened around here?,"[{'text': 'Which '}, {'text': 'movies', 'entity': 'movie_type'}, {'text': ' are being screened '}, {'text': 'around here', 'entity': 'spatial_relation'}, {'text': '?'}]"
SearchScreeningEvent,what films are showing in the neighborhood ,"[{'text': 'what '}, {'text': 'films', 'entity': 'movie_type'}, {'text': ' are showing '}, {'text': 'in the neighborhood', 'entity': 'spatial_relation'}, {'text': ' '}]"
SearchScreeningEvent,Show me the movie times for Caribbean Cinemas in 1 second .,"[{'text': 'Show me the '}, {'text': 'movie times', 'entity': 'object_type'}, {'text': ' for '}, {'text': 'Caribbean Cinemas', 'entity': 'location_name'}, {'text': ' '}, {'text': 'in 1 second', 'entity': 'timeRange'}, {'text': ' .'}]"
SearchScreeningEvent,find movie times,"[{'text': 'find '}, {'text': 'movie times', 'entity': 'object_type'}]"
SearchScreeningEvent,Give me some info on when Hands Across the Border will be laying at the cinema.,"[{'text': 'Give me some info on when '}, {'text': 'Hands Across the Border', 'entity': 'movie_name'}, {'text': ' will be laying at the '}, {'text': 'cinema', 'entity': 'object_location_type'}, {'text': '.'}]"
SearchScreeningEvent,what movies are around here,"[{'text': 'what '}, {'text': 'movies', 'entity': 'movie_type'}, {'text': ' are '}, {'text': 'around here', 'entity': 'spatial_relation'}]"
SearchScreeningEvent,Can I get the movie schedules for Loews Cineplex?,"[{'text': 'Can I get the '}, {'text': 'movie schedules', 'entity': 'object_type'}, {'text': ' for '}, {'text': 'Loews Cineplex', 'entity': 'location_name'}, {'text': '?'}]"
SearchScreeningEvent,Is The Wash playing at the cinema in one minute,"[{'text': 'Is '}, {'text': 'The Wash', 'entity': 'movie_name'}, {'text': ' playing at the '}, {'text': 'cinema', 'entity': 'object_location_type'}, {'text': ' '}, {'text': 'in one minute', 'entity': 'timeRange'}]"
SearchScreeningEvent,What films are playing at Pacific Theatres,"[{'text': 'What '}, {'text': 'films', 'entity': 'movie_type'}, {'text': ' are playing at '}, {'text': 'Pacific Theatres', 'entity': 'location_name'}]"
SearchScreeningEvent,find Blood and Bones,"[{'text': 'find '}, {'text': 'Blood and Bones', 'entity': 'movie_name'}]"
SearchScreeningEvent,What is the movie schedule like,"[{'text': 'What is the '}, {'text': 'movie schedule', 'entity': 'object_type'}, {'text': ' like'}]"
SearchScreeningEvent,find films scheudle in the neighborhood at 2,"[{'text': 'find '}, {'text': 'films', 'entity': 'movie_type'}, {'text': ' scheudle '}, {'text': 'in the neighborhood', 'entity': 'spatial_relation'}, {'text': ' at '}, {'text': '2', 'entity': 'timeRange'}]"
SearchScreeningEvent,What time is Phera playing,"[{'text': 'What time is '}, {'text': 'Phera', 'entity': 'movie_name'}, {'text': ' playing'}]"
SearchScreeningEvent,is Transcending Fear at Malco Theatres,"[{'text': 'is '}, {'text': 'Transcending Fear', 'entity': 'movie_name'}, {'text': ' at '}, {'text': 'Malco Theatres', 'entity': 'location_name'}]"
SearchScreeningEvent,What time is A Man for Burning playing,"[{'text': 'What time is '}, {'text': 'A Man for Burning', 'entity': 'movie_name'}, {'text': ' playing'}]"
SearchScreeningEvent,I'd like showtimes for The Story of Wish You Were Here.,"[{'text': ""I'd like showtimes for ""}, {'text': 'The Story of Wish You Were Here', 'entity': 'movie_name'}, {'text': '.'}]"
SearchScreeningEvent,Show me movie times at the Pacific Theatres for the movie The Hot Rock,"[{'text': 'Show me movie '}, {'text': 'times', 'entity': 'object_type'}, {'text': ' at the '}, {'text': 'Pacific Theatres', 'entity': 'location_name'}, {'text': ' for the movie '}, {'text': 'The Hot Rock', 'entity': 'movie_name'}]"
SearchScreeningEvent,Is this film going to be at Malco Theatres?,"[{'text': 'Is this '}, {'text': 'film', 'entity': 'movie_type'}, {'text': ' going to be at '}, {'text': 'Malco Theatres', 'entity': 'location_name'}, {'text': '?'}]"
SearchScreeningEvent,Give me some movie schedules.,"[{'text': 'Give me some '}, {'text': 'movie schedules', 'entity': 'object_type'}, {'text': '.'}]"
SearchScreeningEvent,What is the movie schedule for General Cinema Corporation?,"[{'text': 'What is the '}, {'text': 'movie schedule', 'entity': 'object_type'}, {'text': ' for '}, {'text': 'General Cinema Corporation', 'entity': 'location_name'}, {'text': '?'}]"
SearchScreeningEvent,When will the Blonde Ambition be playing,"[{'text': 'When will the '}, {'text': 'Blonde Ambition', 'entity': 'movie_name'}, {'text': ' be playing'}]"
SearchScreeningEvent,What movie house is playing the animated movies nearest?,"[{'text': 'What '}, {'text': 'movie house', 'entity': 'object_location_type'}, {'text': ' is playing the '}, {'text': 'animated movies', 'entity': 'movie_type'}, {'text': ' '}, {'text': 'nearest', 'entity': 'spatial_relation'}, {'text': '?'}]"
SearchScreeningEvent,Please tell me what the movie schedule looks like for the AMC Theatres in twenty one hours,"[{'text': 'Please tell me what the '}, {'text': 'movie schedule', 'entity': 'object_type'}, {'text': ' looks like for the '}, {'text': 'AMC Theatres', 'entity': 'location_name'}, {'text': ' '}, {'text': 'in twenty one hours', 'entity': 'timeRange'}]"
SearchScreeningEvent,Whens the next showing of The Game of Their Lives,"[{'text': 'Whens the next showing of '}, {'text': 'The Game of Their Lives', 'entity': 'movie_name'}]"
SearchScreeningEvent,Can I see the movie schedules?,"[{'text': 'Can I see the '}, {'text': 'movie schedules', 'entity': 'object_type'}, {'text': '?'}]"
RateBook,Give the current novel a 3 out of 6 rating,"[{'text': 'Give the '}, {'text': 'current', 'entity': 'object_select'}, {'text': ' '}, {'text': 'novel', 'entity': 'object_type'}, {'text': ' a '}, {'text': '3', 'entity': 'rating_value'}, {'text': ' out of '}, {'text': '6', 'entity': 'best_rating'}, {'text': ' rating'}]"
RateBook,I would say this essay deserves four points,"[{'text': 'I would say '}, {'text': 'this', 'entity': 'object_select'}, {'text': ' '}, {'text': 'essay', 'entity': 'object_type'}, {'text': ' deserves '}, {'text': 'four', 'entity': 'rating_value'}, {'text': ' '}, {'text': 'points', 'entity': 'rating_unit'}]"
RateBook,Give the current part of the series 1 points.,"[{'text': 'Give the '}, {'text': 'current', 'entity': 'object_select'}, {'text': ' part of the '}, {'text': 'series', 'entity': 'object_part_of_series_type'}, {'text': ' '}, {'text': '1', 'entity': 'rating_value'}, {'text': ' '}, {'text': 'points', 'entity': 'rating_unit'}, {'text': '.'}]"
RateBook,this essay should get 1 of the points,"[{'text': 'this', 'entity': 'object_select'}, {'text': ' '}, {'text': 'essay', 'entity': 'object_type'}, {'text': ' should get '}, {'text': '1', 'entity': 'rating_value'}, {'text': ' of the '}, {'text': 'points', 'entity': 'rating_unit'}]"
RateBook,i give the following textbook three points,"[{'text': 'i give the '}, {'text': 'following', 'entity': 'object_select'}, {'text': ' '}, {'text': 'textbook', 'entity': 'object_type'}, {'text': ' '}, {'text': 'three', 'entity': 'rating_value'}, {'text': ' '}, {'text': 'points', 'entity': 'rating_unit'}]"
RateBook,give one to this novel,"[{'text': 'give '}, {'text': 'one', 'entity': 'rating_value'}, {'text': ' to '}, {'text': 'this', 'entity': 'object_select'}, {'text': ' '}, {'text': 'novel', 'entity': 'object_type'}]"
RateBook,rate this current album one stars,"[{'text': 'rate this '}, {'text': 'current', 'entity': 'object_select'}, {'text': ' '}, {'text': 'album', 'entity': 'object_type'}, {'text': ' '}, {'text': 'one', 'entity': 'rating_value'}, {'text': ' '}, {'text': 'stars', 'entity': 'rating_unit'}]"
RateBook,Rate The Honourable Jim a three,"[{'text': 'Rate '}, {'text': 'The Honourable Jim', 'entity': 'object_name'}, {'text': ' a '}, {'text': 'three', 'entity': 'rating_value'}]"
RateBook,1 points for Victory for Us Is to See You Suffer,"[{'text': '1', 'entity': 'rating_value'}, {'text': ' '}, {'text': 'points', 'entity': 'rating_unit'}, {'text': ' for '}, {'text': 'Victory for Us Is to See You Suffer', 'entity': 'object_name'}]"
RateBook,rate The Overton Window series a two out of 6,"[{'text': 'rate '}, {'text': 'The Overton Window', 'entity': 'object_name'}, {'text': ' '}, {'text': 'series', 'entity': 'object_part_of_series_type'}, {'text': ' a '}, {'text': 'two', 'entity': 'rating_value'}, {'text': ' out of '}, {'text': '6', 'entity': 'best_rating'}]"
RateBook,Rate The Principle of Hope 1 out of 6 stars,"[{'text': 'Rate '}, {'text': 'The Principle of Hope', 'entity': 'object_name'}, {'text': ' '}, {'text': '1', 'entity': 'rating_value'}, {'text': ' out of '}, {'text': '6', 'entity': 'best_rating'}, {'text': ' '}, {'text': 'stars', 'entity': 'rating_unit'}]"
RateBook,rate My Life As a Book five out of 6,"[{'text': 'rate '}, {'text': 'My Life As a Book', 'entity': 'object_name'}, {'text': ' '}, {'text': 'five', 'entity': 'rating_value'}, {'text': ' out of '}, {'text': '6', 'entity': 'best_rating'}]"
RateBook,Rate my current album 3 stars,"[{'text': 'Rate my '}, {'text': 'current', 'entity': 'object_select'}, {'text': ' '}, {'text': 'album', 'entity': 'object_type'}, {'text': ' '}, {'text': '3', 'entity': 'rating_value'}, {'text': ' '}, {'text': 'stars', 'entity': 'rating_unit'}]"
RateBook,A rating of four out of 6 goes to Memory in Death,"[{'text': 'A rating of '}, {'text': 'four', 'entity': 'rating_value'}, {'text': ' out of '}, {'text': '6', 'entity': 'best_rating'}, {'text': ' goes to '}, {'text': 'Memory in Death', 'entity': 'object_name'}]"
RateBook,I give Warheart 5 stars.,"[{'text': 'I give '}, {'text': 'Warheart', 'entity': 'object_name'}, {'text': ' '}, {'text': '5', 'entity': 'rating_value'}, {'text': ' '}, {'text': 'stars', 'entity': 'rating_unit'}, {'text': '.'}]"
RateBook,Give this novel two out of 6 stars,"[{'text': 'Give '}, {'text': 'this', 'entity': 'object_select'}, {'text': ' '}, {'text': 'novel', 'entity': 'object_type'}, {'text': ' '}, {'text': 'two', 'entity': 'rating_value'}, {'text': ' out of '}, {'text': '6', 'entity': 'best_rating'}, {'text': ' '}, {'text': 'stars', 'entity': 'rating_unit'}]"
RateBook,rate Betrayer of Worlds 1 out of 6,"[{'text': 'rate '}, {'text': 'Betrayer of Worlds', 'entity': 'object_name'}, {'text': ' '}, {'text': '1', 'entity': 'rating_value'}, {'text': ' out of '}, {'text': '6', 'entity': 'best_rating'}]"
RateBook,Give the current series a one.,"[{'text': 'Give the '}, {'text': 'current', 'entity': 'object_select'}, {'text': ' '}, {'text': 'series', 'entity': 'object_part_of_series_type'}, {'text': ' a '}, {'text': 'one', 'entity': 'rating_value'}, {'text': '.'}]"
RateBook,rate Alfred Kropp: The Thirteenth Skull 3 out of 6,"[{'text': 'rate '}, {'text': 'Alfred Kropp: The Thirteenth Skull', 'entity': 'object_name'}, {'text': ' '}, {'text': '3', 'entity': 'rating_value'}, {'text': ' out of '}, {'text': '6', 'entity': 'best_rating'}]"
RateBook,I give this series a value of one and a best rating of 6,"[{'text': 'I give '}, {'text': 'this', 'entity': 'object_select'}, {'text': ' '}, {'text': 'series', 'entity': 'object_part_of_series_type'}, {'text': ' a value of '}, {'text': 'one', 'entity': 'rating_value'}, {'text': ' and a best rating of '}, {'text': '6', 'entity': 'best_rating'}]"
RateBook,"Rate Shadow of Night a 1
","[{'text': 'Rate '}, {'text': 'Shadow of Night', 'entity': 'object_name'}, {'text': ' a '}, {'text': '1', 'entity': 'rating_value'}, {'text': '\n'}]"
RateBook,I rate Wideacre five of a possiable 6 ,"[{'text': 'I rate '}, {'text': 'Wideacre', 'entity': 'object_name'}, {'text': ' '}, {'text': 'five', 'entity': 'rating_value'}, {'text': ' of a possiable '}, {'text': '6', 'entity': 'best_rating'}, {'text': ' '}]"
RateBook,"rate Animals of the Bible one of 6
 points","[{'text': 'rate '}, {'text': 'Animals of the Bible', 'entity': 'object_name'}, {'text': ' '}, {'text': 'one', 'entity': 'rating_value'}, {'text': ' of '}, {'text': '6', 'entity': 'best_rating'}, {'text': '\n '}, {'text': 'points', 'entity': 'rating_unit'}]"
RateBook,Rate The Demolished Man a five ,"[{'text': 'Rate '}, {'text': 'The Demolished Man', 'entity': 'object_name'}, {'text': ' a '}, {'text': 'five', 'entity': 'rating_value'}, {'text': ' '}]"
RateBook,Give this novel four out of 6 stars.,"[{'text': 'Give '}, {'text': 'this', 'entity': 'object_select'}, {'text': ' '}, {'text': 'novel', 'entity': 'object_type'}, {'text': ' '}, {'text': 'four', 'entity': 'rating_value'}, {'text': ' out of '}, {'text': '6', 'entity': 'best_rating'}, {'text': ' '}, {'text': 'stars', 'entity': 'rating_unit'}, {'text': '.'}]"
RateBook,I think this novel only deserves 2 points out of 6.,"[{'text': 'I think '}, {'text': 'this', 'entity': 'object_select'}, {'text': ' '}, {'text': 'novel', 'entity': 'object_type'}, {'text': ' only deserves '}, {'text': '2', 'entity': 'rating_value'}, {'text': ' '}, {'text': 'points', 'entity': 'rating_unit'}, {'text': ' out of '}, {'text': '6', 'entity': 'best_rating'}, {'text': '.'}]"
RateBook,I would give this chronicle 0 stars,"[{'text': 'I would give '}, {'text': 'this', 'entity': 'object_select'}, {'text': ' '}, {'text': 'chronicle', 'entity': 'object_part_of_series_type'}, {'text': ' '}, {'text': '0', 'entity': 'rating_value'}, {'text': ' '}, {'text': 'stars', 'entity': 'rating_unit'}]"
RateBook,Rate Cold Light 5 out of 6 points.,"[{'text': 'Rate '}, {'text': 'Cold Light', 'entity': 'object_name'}, {'text': ' '}, {'text': '5', 'entity': 'rating_value'}, {'text': ' out of '}, {'text': '6', 'entity': 'best_rating'}, {'text': ' '}, {'text': 'points', 'entity': 'rating_unit'}, {'text': '.'}]"
RateBook,Rate Puttering About in a Small Land zero out of 6 stars,"[{'text': 'Rate '}, {'text': 'Puttering About in a Small Land', 'entity': 'object_name'}, {'text': ' '}, {'text': 'zero', 'entity': 'rating_value'}, {'text': ' out of '}, {'text': '6', 'entity': 'best_rating'}, {'text': ' '}, {'text': 'stars', 'entity': 'rating_unit'}]"
RateBook,Rate The Bell Curve a three.,"[{'text': 'Rate '}, {'text': 'The Bell Curve', 'entity': 'object_name'}, {'text': ' a '}, {'text': 'three', 'entity': 'rating_value'}, {'text': '.'}]"
RateBook,Rate this textbook four of 6,"[{'text': 'Rate '}, {'text': 'this', 'entity': 'object_select'}, {'text': ' '}, {'text': 'textbook', 'entity': 'object_type'}, {'text': ' '}, {'text': 'four', 'entity': 'rating_value'}, {'text': ' of '}, {'text': '6', 'entity': 'best_rating'}]"
RateBook,I am rating this book 5 out 6 points,"[{'text': 'I am rating '}, {'text': 'this', 'entity': 'object_select'}, {'text': ' '}, {'text': 'book', 'entity': 'object_type'}, {'text': ' '}, {'text': '5', 'entity': 'rating_value'}, {'text': ' out '}, {'text': '6', 'entity': 'best_rating'}, {'text': ' '}, {'text': 'points', 'entity': 'rating_unit'}]"
RateBook,rate this book titled The Silver Chalice a 1,"[{'text': 'rate this '}, {'text': 'book', 'entity': 'object_type'}, {'text': ' titled '}, {'text': 'The Silver Chalice', 'entity': 'object_name'}, {'text': ' a '}, {'text': '1', 'entity': 'rating_value'}]"
RateBook,Rate the current essay 5 of 6 points,"[{'text': 'Rate the '}, {'text': 'current', 'entity': 'object_select'}, {'text': ' '}, {'text': 'essay', 'entity': 'object_type'}, {'text': ' '}, {'text': '5', 'entity': 'rating_value'}, {'text': ' of '}, {'text': '6', 'entity': 'best_rating'}, {'text': ' '}, {'text': 'points', 'entity': 'rating_unit'}]"
RateBook,Rate this novel 5 out of 6 stars,"[{'text': 'Rate '}, {'text': 'this', 'entity': 'object_select'}, {'text': ' '}, {'text': 'novel', 'entity': 'object_type'}, {'text': ' '}, {'text': '5', 'entity': 'rating_value'}, {'text': ' out of '}, {'text': '6', 'entity': 'best_rating'}, {'text': ' '}, {'text': 'stars', 'entity': 'rating_unit'}]"
RateBook,current album gets a value of 0,"[{'text': 'current', 'entity': 'object_select'}, {'text': ' '}, {'text': 'album', 'entity': 'object_type'}, {'text': ' gets a value of '}, {'text': '0', 'entity': 'rating_value'}]"
RateBook,"give After Worlds Collide a 1
","[{'text': 'give '}, {'text': 'After Worlds Collide', 'entity': 'object_name'}, {'text': ' a '}, {'text': '1', 'entity': 'rating_value'}, {'text': '\n'}]"
RateBook,rate Hunting and Gathering a two,"[{'text': 'rate '}, {'text': 'Hunting and Gathering', 'entity': 'object_name'}, {'text': ' a '}, {'text': 'two', 'entity': 'rating_value'}]"
RateBook,rate this textbook 2 stars,"[{'text': 'rate '}, {'text': 'this', 'entity': 'object_select'}, {'text': ' '}, {'text': 'textbook', 'entity': 'object_type'}, {'text': ' '}, {'text': '2', 'entity': 'rating_value'}, {'text': ' '}, {'text': 'stars', 'entity': 'rating_unit'}]"
RateBook,Rate this novel a 1 out of 6,"[{'text': 'Rate '}, {'text': 'this', 'entity': 'object_select'}, {'text': ' '}, {'text': 'novel', 'entity': 'object_type'}, {'text': ' a '}, {'text': '1', 'entity': 'rating_value'}, {'text': ' out of '}, {'text': '6', 'entity': 'best_rating'}]"
RateBook,I want to give this novel zero,"[{'text': 'I want to give '}, {'text': 'this', 'entity': 'object_select'}, {'text': ' '}, {'text': 'novel', 'entity': 'object_type'}, {'text': ' '}, {'text': 'zero', 'entity': 'rating_value'}]"
RateBook,Give this album a three,"[{'text': 'Give '}, {'text': 'this', 'entity': 'object_select'}, {'text': ' '}, {'text': 'album', 'entity': 'object_type'}, {'text': ' a '}, {'text': 'three', 'entity': 'rating_value'}]"
RateBook,give 0 out of 6 points to The Paper Men,"[{'text': 'give '}, {'text': '0', 'entity': 'rating_value'}, {'text': ' out of '}, {'text': '6', 'entity': 'best_rating'}, {'text': ' '}, {'text': 'points', 'entity': 'rating_unit'}, {'text': ' to '}, {'text': 'The Paper Men', 'entity': 'object_name'}]"
RateBook,Rate the current essay 1 of 6,"[{'text': 'Rate the '}, {'text': 'current', 'entity': 'object_select'}, {'text': ' '}, {'text': 'essay', 'entity': 'object_type'}, {'text': ' '}, {'text': '1', 'entity': 'rating_value'}, {'text': ' of '}, {'text': '6', 'entity': 'best_rating'}]"
RateBook,Give Anatomy of a Typeface a 1 rating.,"[{'text': 'Give '}, {'text': 'Anatomy of a Typeface', 'entity': 'object_name'}, {'text': ' a '}, {'text': '1', 'entity': 'rating_value'}, {'text': ' rating.'}]"
RateBook,Give Drift: The Unmooring of American Military Power 0 out of 6 points.,"[{'text': 'Give '}, {'text': 'Drift: The Unmooring of American Military Power', 'entity': 'object_name'}, {'text': ' '}, {'text': '0', 'entity': 'rating_value'}, {'text': ' out of '}, {'text': '6', 'entity': 'best_rating'}, {'text': ' '}, {'text': 'points', 'entity': 'rating_unit'}, {'text': '.'}]"
RateBook,Rate the current textbook one of 6 stars,"[{'text': 'Rate the '}, {'text': 'current', 'entity': 'object_select'}, {'text': ' '}, {'text': 'textbook', 'entity': 'object_type'}, {'text': ' '}, {'text': 'one', 'entity': 'rating_value'}, {'text': ' of '}, {'text': '6', 'entity': 'best_rating'}, {'text': ' '}, {'text': 'stars', 'entity': 'rating_unit'}]"
RateBook,rate this essay 2 points,"[{'text': 'rate '}, {'text': 'this', 'entity': 'object_select'}, {'text': ' '}, {'text': 'essay', 'entity': 'object_type'}, {'text': ' '}, {'text': '2', 'entity': 'rating_value'}, {'text': ' '}, {'text': 'points', 'entity': 'rating_unit'}]"
RateBook,rate the book Indiana Jones and the Dance of the Giants 5 out of 6 stars,"[{'text': 'rate the '}, {'text': 'book', 'entity': 'object_type'}, {'text': ' '}, {'text': 'Indiana Jones and the Dance of the Giants', 'entity': 'object_name'}, {'text': ' '}, {'text': '5', 'entity': 'rating_value'}, {'text': ' out of '}, {'text': '6', 'entity': 'best_rating'}, {'text': ' '}, {'text': 'stars', 'entity': 'rating_unit'}]"
RateBook,Rate this book 5 stars out of 6,"[{'text': 'Rate '}, {'text': 'this', 'entity': 'object_select'}, {'text': ' '}, {'text': 'book', 'entity': 'object_type'}, {'text': ' '}, {'text': '5', 'entity': 'rating_value'}, {'text': ' '}, {'text': 'stars', 'entity': 'rating_unit'}, {'text': ' out of '}, {'text': '6', 'entity': 'best_rating'}]"
